time,External_Reactivity,Power,Power_Delta,Power_Normalized,Total_Reactivity,Total_Reactivity_Dollars,Total_Reactivity_Feedback,ch2_Coolant_Density_Reactivity,dnp_den,fml1_diff_flux,fml2_diff_flux,fml3_diff_flux,fml4_diff_flux,fml5_diff_flux,fml6_diff_flux,mdot,moderator_moderator_Reactivity
0,0.00019,5000000,-2.2625944087057e-16,1,0.00019,0,0,0,23.347955111547,0.18802282002878,0.63262385192387,0.37504664641501,0.15228740018552,0.0029740534257043,0.00073846960971058,170.94369265301,0
0.1,0.00019,5162593.9482177,0.16259394821773,1.0325187896435,0.0001895955223738,0,-4.04477626198e-07,-4.0423752345475e-07,23.350196091305,0.18816228708807,0.63277006220946,0.37506190062022,0.15232164682901,0.0030029654018537,0.00076679463091724,170.94302196788,-2.4010274324304e-10
0.2,0.00019,5275228.8941232,0.27522889412322,1.0550457788246,0.0001889110428144,-0.0001532112220447,-1.0889571856049e-06,-1.0880810914493e-06,23.353984281016,0.18831646625034,0.63306591641901,0.37521611585679,0.15246792915987,0.0030320982401349,0.00078744511938821,170.94348130707,-8.7609415555523e-10
0.3,0.00019,5354424.0873906,0.35442408739057,1.0708848174781,0.00018802984437928,-0.00041248378242609,-1.9701556207216e-06,-1.9681522180903e-06,23.358855376482,0.18845812517933,0.63338703406871,0.37540929457397,0.15264693653566,0.003059468982245,0.00080332020923918,170.94424914488,-2.0034026312898e-09
0.4,0.00019,5411139.9727755,0.41113997277553,1.0822279945551,0.00018700792820507,-0.00074627106845516,-2.9920717949314e-06,-2.9883882077253e-06,23.364496872547,0.18857720410889,0.63367744983639,0.37559408388838,0.15282001203887,0.0030839303986693,0.00081582964911171,170.94499903172,-3.6835872060936e-09
0.5,0.00019,5452663.5682327,0.45266356823268,1.0905327136465,0.00018588319363276,-0.0011333605283831,-4.1168063672353e-06,-4.1108472347839e-06,23.370697120872,0.18867352418881,0.63392175848657,0.3757547477313,0.15297363240552,0.0031052247549326,0.00082581266052588,170.94562355207,-5.959132451383e-09
0.6,0.00019,5483850.4150277,0.4838504150277,1.0967700830055,0.00018468150750999,-0.0015593963512255,-5.3184924900113e-06,-5.3096298826549e-06,23.377311607689,0.18875175976359,0.63412580885457,0.37589245802474,0.15310805775199,0.003123698076653,0.00083387133347116,170.94610592058,-8.8626073563303e-09
0.7,0.00019,5507944.1678957,0.50794416789567,1.1015888335791,0.00018342072522154,-0.0020145804886406,-6.5792747784635e-06,-6.5668561523013e-06,23.384240597728,0.18881820369106,0.63430418879265,0.37601570825559,0.15322971227851,0.0031399815695771,0.00084047602499434,170.94646219217,-1.2418626162136e-08
0.8,0.00019,5527118.2636552,0.52711826365515,1.105423652731,0.00018211335239496,-0.0024921495372968,-7.8866476050377e-06,-7.8700002908438e-06,23.391414292675,0.18887889032158,0.63447281004567,0.37613459465953,0.15334653382963,0.003154751666407,0.00084599533389899,170.94671661141,-1.6647314193818e-08
0.9,0.00019,5542834.3770303,0.5428343770303,1.1085668754061,0.00018076831185296,-0.0029873665170597,-9.2316881470378e-06,-9.2101235696362e-06,23.39878296609,0.18893867816186,0.63464508618242,0.3762578254826,0.15346548449106,0.0031685884411152,0.0008507086009068,170.94689209117,-2.1564577401545e-08
1,0.00019,5556079.9321318,0.5560799321318,1.1112159864264,0.00017939211499365,-0.0034968515708476,-1.0607885006349e-05,-1.0580700771146e-05,23.406310395442,0.18900096054858,0.63483046660569,0.37639151827617,0.15359150796734,0.0031819153034687,0.00085481846799597,170.94700731337,-2.7184235203148e-08
1.1,0.00019,5567525.6763834,0.56752567638336,1.1135051352767,0.00017798964332602,-0.0040181382599806,-1.2010356673982e-05,-1.1976839719596e-05,23.413969483017,0.18906774494693,0.63503437509421,0.37653906509104,0.15372736659255,0.003194993237421,0.0008584658828069,170.94707650811,-3.3516954385526e-08
1.2,0.00019,5577630.3665135,0.57763036651346,1.1155260733027,0.00017656466800302,-0.0045493775280234,-1.3435331996985e-05,-1.3394760145724e-05,23.421739329778,0.18913991508864,0.63525887158599,0.37670155124716,0.15387394423533,0.0032079451466792,0.00086174565184675,170.94711016786,-4.0571851260551e-08
1.3,0.00019,5586710.4215954,0.58671042159538,1.1173420843191,0.00017512019799296,-0.0050891409079487,-1.487980200704e-05,-1.4831444939578e-05,23.429603274306,0.18921754898614,0.63550357822579,0.37687838505671,0.15403073613921,0.0032207921936585,0.0008647204415444,170.94711593009,-4.8357067461424e-08
1.4,0.00019,5594986.346708,0.59498634670796,1.1189972693416,0.0001736587156795,-0.0056362886390301,-1.6341284320501e-05,-1.6284404805111e-05,23.437547574662,0.18930021929851,0.63576659547369,0.37706793281502,0.15419635582186,0.0032334906608765,0.00086743204581062,170.94709938365,-5.6879515389352e-08
1.5,0.00019,5602613.7366597,0.6026137366597,1.1205227473319,0.00017218233658201,-0.0061898804244321,-1.7817663417991e-05,-1.7751518360698e-05,23.445560518203,0.18938723756472,0.63604526251167,0.37726805040412,0.15436896812174,0.0032459632220885,0.00086990963943613,170.94706469757,-6.6145057292522e-08
1.6,0.00019,5609704.0298019,0.60970402980193,1.1219408059604,0.00017069291866086,-0.006749114931057,-1.930708133914e-05,-1.9230922711055e-05,23.453631815923,0.18947782888786,0.63633670759398,0.37747647083383,0.15454661249636,0.0032581222991022,0.00087217532004393,170.94701507714,-7.6158628084522e-08
1.7,0.00019,5616338.4392074,0.61633843920744,1.1232676878415,0.00016919213803964,-0.0073132883860379,-2.0807861960362e-05,-2.072093764216e-05,23.461752189026,0.18957124115909,0.6366381924281,0.37769104855586,0.15472741450442,0.0032698855077903,0.00087424750565884,170.94695309038,-8.6924318201675e-08
1.8,0.00019,5622577.3356887,0.62257733568866,1.1245154671377,0.00016768154339231,-0.0078817658940765,-2.2318456607689e-05,-2.2220012695529e-05,23.46991308259,0.18966680070094,0.63694728475442,0.37790988362459,0.15490970170207,0.0032811843997535,0.00087614279809631,170.94688088255,-9.8443912160961e-08
1.9,0.00019,5628466.5948059,0.62846659480589,1.1256933189612,0.00016616259096146,-0.008453960836246,-2.3837409038538e-05,-2.37266898655e-05,23.47810646718,0.18976392824522,0.63726190445562,0.37813135760112,0.1550920477348,0.0032919681550853,0.00087787684718312,170.94680031794,-1.1071917303818e-07
2,0.00019,5634041.9085451,0.63404190854508,1.126808381709,0.00016463667256024,-0.0090293216055068,-2.5363327439756e-05,-2.5239577326364e-05,23.486324699554,0.1898621308588,0.63758029128493,0.37835411375258,0.15527326914823,0.0033022038681431,0.00087946462885805,170.94671307012,-1.2375011339272e-07
2.1,0.00019,5639331.7350462,0.63933173504625,1.1278663470092,0.00016310513497066,-0.0096073209999077,-2.6894865029339e-05,-2.6757330916449e-05,23.494560424624,0.1899609823726,0.63790093478585,0.37857700943497,0.15545239622796,0.00331187481899,0.00088092042610026,170.94662067638,-1.3753411289008e-07
2.2,0.00019,5644359.3308078,0.64435933080779,1.1288718661616,0.00016156928799894,-0.01018744887475,-2.8430712001058e-05,-2.827864107724e-05,23.502806506829,0.19006010073456,0.63822249596458,0.3787990615709,0.15562863410988,0.0033209777806596,0.00088225769541219,170.94652457251,-1.5207092381869e-07
2.3,0.00019,5649144.1572553,0.64914415725529,1.1298288314511,0.00016003041587618,-0.01076920909131,-2.9969584123823e-05,-2.9802224052133e-05,23.511055981398,0.19015913026946,0.63854374346589,0.37901939967257,0.15580132539075,0.0033295200845387,0.00088348892341374,170.94642610612,-1.6736007169005e-07
2.4,0.00019,5653702.8693757,0.65370286937574,1.1307405738751,0.00015848978343045,-0.011352115198418,-3.1510216569546e-05,-3.1326816105459e-05,23.519302022205,0.19025773051503,0.63886351351496,0.37923723389858,0.15596992058614,0.0033375168773373,0.00088462552282146,170.94632655093,-1.8340046408633e-07
2.5,0.00019,5658050.0164311,0.65805001643106,1.1316100032862,0.00015694863958337,-0.011935688094525,-3.3051360416626e-05,-3.2851170017612e-05,23.527537921098,0.19035557467104,0.63918069998244,0.37945184133457,0.15613395926507,0.0033449887920246,0.00088567778470811,170.94622710617,-2.0019039901481e-07
2.6,0.00019,5662198.5437554,0.66219854375541,1.1324397087511,0.00015540821916996,-0.012519454703268,-3.459178083004e-05,-3.4374053256292e-05,23.535757075244,0.19045235572468,0.63949427151045,0.3796625695245,0.15629306186439,0.003351960100121,0.000886654883851,170.94612889892,-2.1772757374805e-07
2.7,0.00019,5666160.1560244,0.66616015602441,1.1332320312049,0.00015386974342764,-0.013102947284106,-3.6130256572363e-05,-3.5894247480406e-05,23.543952983022,0.19054780033332,0.63980331295091,0.37986885457428,0.15644693066768,0.0033584573274359,0.00088756492690846,170.94603298037,-2.3600909195703e-07
2.8,0.00019,5669945.582812,0.66994558281199,1.1339891165624,0.00015233441946186,-0.013685703247107,-3.7665580538145e-05,-3.7410549065586e-05,23.552119243833,0.19064168748181,0.64010708360767,0.38007024964466,0.15659535744696,0.0033645082602057,0.00088841502941282,170.94594032227,-2.5503147255829e-07
2.9,0.00019,5673564.7742502,0.67356477425016,1.13471295485,0.00015080343901219,-0.014267265355358,-3.919656098781e-05,-3.8921770329825e-05,23.560249563499,0.19073387061763,0.64040508634099,0.3802664595652,0.15673823508574,0.0033701412571674,0.00088921140958632,170.94585181353,-2.7479065798502e-07
3,0.00019,5677027.0459865,0.67702704598652,1.1354054091973,0.00014927797657537,-0.014847182192352,-4.072202342463e-05,-4.042674140059e-05,23.568337763186,0.19082430105662,0.6406971407098,0.38045737740555,0.15687557058684,0.0033753847813888,0.0008899594888363,170.94576825318,-2.9528202404039e-07
3.1,0.00019,5680341.1866644,0.68034118666442,1.1360682373329,0.00014775918703408,-0.015425008872966,-4.2240812965916e-05,-4.192431257527e-05,23.576377791256,0.19091305061465,0.64098345381071,0.38064311923152,0.15700749718027,0.0033802670772958,0.00089066399131966,170.94569034505,-3.1650039064579e-07
3.2,0.00019,5683515.5372711,0.68351553727114,1.1367031074542,0.00014624820297577,-0.016000307941635,-4.3751797024233e-05,-4.3413356990207e-05,23.584363736293,0.19100033207317,0.64126468398661,0.38082405412071,0.15713428378712,0.003384815936367,0.00089132903788468,170.94561869435,-3.3844003402561e-07
3.3,0.00019,5686558.0491365,0.68655804913655,1.1373116098273,0.00014474613170818,-0.016572650387967,-4.5253868291815e-05,-4.4892773590932e-05,23.592289843025,0.19108651660224,0.64154199364578,0.38100082713427,0.1572563405973,0.0033890585140139,0.00089195823200053,170.94555380219,-3.6109470088336e-07
3.4,0.00019,5689476.3254827,0.6894763254827,1.1378952650965,0.00014325405211376,-0.017141616777203,-4.6745947886243e-05,-4.636149026277e-05,23.600150529094,0.19117214604545,0.64181708659079,0.38117437331123,0.15737421982689,0.003393021167812,0.00089255473571828,170.94549606296,-3.8445762347294e-07
3.5,0.00019,5692277.6502744,0.69227765027444,1.1384555300549,0.00014177301140366,-0.017706798441759,-4.8226988596335e-05,-4.7818467059646e-05,23.607940401103,0.19125794036695,0.64209222871175,0.38134592177882,0.15748861133351,0.003396729306729,0.00089312133595135,170.94544576232,-4.0852153668919e-07
3.6,0.00019,5694969.007269,0.69496900726902,1.1389938014538,0.00014030402182144,-0.018267798710733,-4.9695978178561e-05,-4.9262699481911e-05,23.615654271972,0.19134479898199,0.64237024957954,0.3815169892959,0.15760033299542,0.0034002072444273,0.00089366050114209,170.94540307975,-4.3327869665016e-07
3.7,0.00019,5697557.0915425,0.69755709154253,1.1395114183085,0.00013884805742023,-0.018824234158546,-5.115194257977e-05,-5.0693221678499e-05,23.623287177832,0.19143379613559,0.64265452473991,0.38168936329282,0.15771031616567,0.0034034780595785,0.00089417442955747,170.9453680892,-4.5872090127103e-07
3.8,0.00019,5700048.3154155,0.70004831541554,1.1400096630831,0.00013740605100273,-0.019375735825671,-5.2593948997266e-05,-5.2109109485776e-05,23.630834392659,0.1915261701675,0.64294893854428,0.38186507472585,0.157819586645,0.0034065634645766,0.00089466508966967,170.94534076507,-4.8483951149009e-07
3.9,0.00019,5702448.810392,0.70244881039195,1.1404897620784,0.0001359788912538,-0.019921950377752,-5.4021108746201e-05,-5.3509483271097e-05,23.638291442944,0.19162330661772,0.64325782822753,0.38204636166986,0.15792924192755,0.003409483688686,0.00089513425373004,170.94532099025,-5.1162547510392e-07
4,0.00019,5704764.4264389,0.70476442643891,1.1409528852878,0.00013456742019229,-0.020462541191743,-5.543257980771e-05,-5.4893510456622e-05,23.645654119916,0.19172671621121,0.64358591164043,0.3822356250357,0.15804042564366,0.0034122573825466,0.00089558352574288,170.9453085654,-5.3906935108816e-07
4.1,0.00019,5707000.7297959,0.70700072979591,1.1414001459592,0.00013317243104965,-0.020997189321102,-5.6827568950354e-05,-5.6260407615527e-05,23.652918489687,0.19183800831403,0.64393820108482,0.38243537809779,0.15815430021327,0.0034149015480297,0.00089601436454156,170.94530322188,-5.6716133482737e-07
4.2,0.00019,5709163.0003607,0.70916300036075,1.1418326000721,0.00013179466648062,-0.021525594299377,-5.8205333519377e-05,-5.7609442234485e-05,23.660080900843,0.19195886075353,0.64431990635594,0.38264819172172,0.15827201875435,0.0034174314959895,0.00089642810264348,170.94530463295,-5.9589128489218e-07
4.3,0.00019,5711256.2293795,0.7112562293795,1.1422512458759,0.00013043481728912,-0.022047474817946,-5.9565182710879e-05,-5.8939933961333e-05,23.667137990107,0.19209098740659,0.64473633122115,0.38287663760895,0.15839469742136,0.0034198608353104,0.00089682596178137,170.94531242927,-6.2524874954589e-07
4.4,0.00019,5713285.1181744,0.71328511817444,1.1426570236349,0.00012909352164966,-0.022562569208666,-6.0906478350338e-05,-6.0251255356025e-05,23.674086685164,0.19223610483695,0.64519276746731,0.38312323180387,0.15852338923515,0.0034222014935392,0.00089720906570659,170.94532621321,-6.552229943127e-07
4.5,0.00019,5715254.0784276,0.71525407842758,1.1430508156855,0.00012777136475867,-0.023070635738764,-6.2228635241329e-05,-6.1542832212214e-05,23.680924204737,0.1923958992395,0.64569439063074,0.38339038061153,0.15865906033419,0.0034244637662299,0.00089757845052983,170.94534557232,-6.8580302911569e-07
4.6,0.00019,5717167.2343144,0.71716723431444,1.1434334468629,0.00012646887900117,-0.023571452742928,-6.3531120998835e-05,-6.2814143363177e-05,23.687648056082,0.19257199513314,0.64624616177839,0.38368033112108,0.15880256956911,0.0034266563949663,0.00089793507337104,170.94537009369,-7.1697763565776e-07
4.7,0.00019,5719028.4267429,0.71902842674293,1.1438056853486,0.0001251865445122,-0.024064818560165,-6.4813455487804e-05,-6.4064720093737e-05,23.694256031128,0.19276592703939,0.64685273908236,0.38399512807928,0.15895465205362,0.003428786668768,0.0008982798195277,170.94539937512,-7.4873539406689e-07
4.8,0.00019,5720841.2197133,0.72084121971326,1.1441682439427,0.00012392479018008,-0.024550551321138,-6.6075209819917e-05,-6.5294145110806e-05,23.700746199174,0.19297911501177,0.64751840203494,0.38433657847392,0.15911590711774,0.0034308605451981,0.00089861350850104,170.94543303574,-7.8106470911138e-07
4.9,0.00019,5722608.9087821,0.7226089087821,1.1445217817564,0.00012268399492181,-0.02502848856815,-6.7316005078193e-05,-6.6502051242423e-05,23.707116899407,0.19321284479066,0.64824699069652,0.38470622483118,0.15928679088385,0.00343288278534,0.00089893689905382,170.94547072335,-8.139538357696e-07
5,0.00019,5724334.5313849,0.72433453138487,1.144866906277,0.00012146448922957,-0.025498486772043,-6.8535510770427e-05,-6.7688119866738e-05,23.713366731323,0.19346825304108,0.64904186126619,0.38510532766295,0.1594676134498,0.0034348570982293,0.00089925069360397,170.94551212064,-8.4739090368963e-07
5.1,0.00019,5726020.8787577,0.72602087875774,1.1452041757515,0.00012026655692097,-0.025960420746374,-6.9733443079027e-05,-6.8852079138149e-05,23.719494543646,0.1937463179574,0.64990585854108,0.38553485706598,0.15965854045285,0.0034367862897387,0.00089955554215901,170.94555694798,-8.8136394087862e-07
5.2,0.00019,5727670.5091334,0.72767050913338,1.1455341018267,0.00011909043699909,-0.02641418298448,-7.0909563000911e-05,-6.9993702104643e-05,23.725499424365,0.19404785499618,0.65084130477002,0.38599549306211,0.15985959862361,0.0034386724107131,0.00089985204584454,170.94560496445,-9.1586089626811e-07
5.3,0.00019,5729285.7618168,0.72928576181684,1.1458571523634,0.00011793632558574,-0.02685968295489,-7.2063674414258e-05,-7.1112804753082e-05,23.731380688468,0.19437351729577,0.65185000330415,0.38648763363426,0.16007068467599,0.0034405168992991,0.00090014076002019,170.9456559677,-9.5086966117597e-07
5.4,0.00019,5730868.7717631,0.7308687717631,1.1461737543526,0.00011680437779149,-0.027296846369037,-7.3195622208512e-05,-7.2209244118604e-05,23.737137867878,0.19472380038746,0.65293325568717,0.38701140957892,0.16029157699642,0.0034423207156528,0.0009004221973267,170.94570978986,-9.8637808990804e-07
5.5,0.00019,5732421.4842048,0.73242148420481,1.146484296841,0.00011569470957832,-0.027725614472921,-7.4305290421676e-05,-7.3282916402517e-05,23.742770699576,0.19509905027975,0.65409188922193,0.38756670451529,0.16052194926515,0.0034440844644576,0.00090069683046395,170.94576629408,-1.0223740191592e-06
5.6,0.00019,5733945.6690308,0.73394566903081,1.1467891338062,0.00011460739948347,-0.028145943341544,-7.5392600516533e-05,-7.4333755229916e-05,23.748279116051,0.19549947405868,0.65532629262894,0.38815317878785,0.16076138536245,0.0034458085035722,0.0009009650947748,170.94582536942,-1.0588452866167e-06
5.7,0.00019,5735442.934551,0.73544293455096,1.1470885869102,0.0001135424902332,-0.028557803225959,-7.64575097668e-05,-7.5361730018264e-05,23.753663236356,0.19592515241656,0.65663645731813,0.38877029579547,0.16100939485114,0.0034474930384244,0.00090122739080882,170.94588692536,-1.0957797485361e-06
5.8,0.00019,5736914.7404066,0.73691474040663,1.1473829480813,0.00011249999018111,-0.02896117794197,-7.750000981889e-05,-7.6366844522058e-05,23.758923356265,0.19637605278601,0.65802202074307,0.38941734905208,0.16126542826905,0.0034491381998526,0.00090148408657115,170.94595088598,-1.1331652968322e-06
5.9,0.00019,5738362.4094028,0.73836240940283,1.1476724818806,0.00011147987460307,-0.029356064325337,-7.8520125396934e-05,-7.7349135521931e-05,23.764059941595,0.19685204292515,0.65948231076256,0.39009348925458,0.16152889189128,0.0034507441078085,0.00090173551983969,170.94601718405,-1.1709898750031e-06
6,0.00019,5739787.1381428,0.73978713814283,1.1479574276286,0.00011048208682414,-0.029742471741263,-7.9517913175856e-05,-7.8308671681959e-05,23.769073621123,0.19735290381605,0.66101638790183,0.39079774989091,0.16179916133943,0.0034523109194201,0.00090198200018147,170.94608575611,-1.2092414938963e-06
6.1,0.00019,5741190.0063837,0.7411900063837,1.1482380012767,0.00010950653920938,-0.030120421657521,-8.0493460790622e-05,-7.9245552543961e-05,23.773965180282,0.1978783415738,0.66262308436047,0.39152907077355,0.16207559380224,0.0034538388640198,0.00090222381089527,170.94615653734,-1.2479082466613e-06
6.2,0.00019,5742571.9851152,0.74257198511517,1.148514397023,0.00010855311401005,-0.030489947269175,-8.1446885989947e-05,-8.0159907666577e-05,23.778735555714,0.19842799793928,0.66430103854686,0.39228631890914,0.162357538636,0.0034553282654713,0.00090246121070591,170.94622945847,-1.2869783233699e-06
6.3,0.00019,5743933.9433874,0.74393394338745,1.1487867886775,0.00010762166412193,-0.03085109317801,-8.2378335878069e-05,-8.1051895852946e-05,23.783385831344,0.19900145946996,0.66604872512556,0.39306830663956,0.16264434636211,0.0034567795553883,0.00090269443549452,170.94630444241,-1.3264400251234e-06
6.4,0.00019,5745276.6539936,0.74527665399362,1.1490553307987,0.00010671201375704,-0.031203915105329,-8.3287986242964e-05,-8.1921704465082e-05,23.787917232927,0.199598264672,0.66786447885489,0.39387380638907,0.16293537583778,0.0034581932763197,0.00090292369966184,170.94638140244,-1.3662817778815e-06
6.5,0.00019,5746600.7981194,0.74660079811943,1.1493201596239,0.0001058239590713,-0.031548479637486,-8.4176040928696e-05,-8.276954878278e-05,23.792331124621,0.20021790975435,0.66974651387897,0.39470156273586,0.1632299999304,0.003459570078856,0.0009031491974686,170.94646024099,-1.4064921459167e-06
6.6,0.00019,5747906.9691108,0.74790696911076,1.1495813938222,0.00010495726877304,-0.031884863988143,-8.5042731226961e-05,-8.3595671382053e-05,23.796629005247,0.20085985283538,0.67169293807934,0.39555030169666,0.16352760970651,0.003460910713279,0.00090337110419182,170.94654084997,-1.4470598449084e-06
6.7,0.00019,5749195.6755166,0.74919567551657,1.1498391351033,0.000104111684737,-0.032213155767788,-8.5888315263002e-05,-8.4400341508195e-05,23.800812502917,0.20152351654885,0.67370176240477,0.39641873727877,0.16382761723217,0.0034622160171866,0.00090358957709802,170.94662311075,-1.4879737548074e-06
6.8,0.00019,5750467.3435725,0.75046734357249,1.1500934687145,0.00010328692266301,-0.032533452751137,-8.6713077336986e-05,-8.5183854404924e-05,23.804883372918,0.20220829000643,0.67577090809096,0.39730557663807,0.16412945751853,0.0034634869015356,0.00090380475642844,170.94670689621,-1.5292229320618e-06
6.9,0.00019,5751722.3192912,0.75172231929115,1.1503444638582,0.00010248267278358,-0.032845862627646,-8.7517327216416e-05,-8.5946530594516e-05,23.808843492589,0.20291352951143,0.67789820992938,0.39820952310904,0.16443258942362,0.0034647243348293,0.0009040167661747,170.94679207221,-1.5707966218997e-06
7,0.00019,5752960.8703032,0.75296087030317,1.1505921740606,0.00010169860064744,-0.033150502733491,-8.8301399352557e-05,-8.6688715082661e-05,23.81269485604,0.20363855858998,0.6800814174008,0.39912927798933,0.16473649588307,0.0034659293267672,0.00090422571472263,170.94687850025,-1.6126842698957e-06
7.1,0.00019,5754183.1875889,0.75418318758892,1.1508366375178,0.00010093434801413,-0.033447499754756,-8.9065651985867e-05,-8.7410776452912e-05,23.816439568509,0.20438266760541,0.68231819442075,0.40006354146133,0.16504068366583,0.0034671029126719,0.00090443169548609,170.94696604031,-1.6548755329554e-06
7.2,0.00019,5755389.3872423,0.75538938724233,1.1510778774485,0.00010018953386093,-0.033736989388586,-8.9810466139068e-05,-8.811310584883e-05,23.820079842653,0.20514511364169,0.68460611978662,0.40101101357423,0.16534468299847,0.0034682461394431,0.00090463478759653,170.94705455394,-1.697360290237e-06
7.3,0.00019,5756579.5123671,0.75657951236712,1.1513159024734,9.9463755503519e-05,-0.034019115961768,-9.0536244496481e-05,-8.8796115843559e-05,23.82361799078,0.20592511963701,0.68694268541252,0.40197039413361,0.16564804672193,0.0034693600515059,0.00090483505631529,170.94714390732,-1.7401286529217e-06
7.4,0.00019,5757753.5351891,0.75775353518907,1.1515507070378,9.8756589864368e-05,-0.034294032006243,-9.1243410135632e-05,-8.9460239161898e-05,23.827056417454,0.20672187383735,0.68932529535374,0.40294038277382,0.1659503494474,0.003470445678971,0.00090503255353792,170.9472339747,-1.7831709737334e-06
7.5,0.00019,5758911.3594767,0.75891135947674,1.1517822718953,9.8067594878255e-05,-0.034561897778648,-9.1932405121745e-05,-9.0105927266215e-05,23.830397612687,0.20753452968423,0.69175126616605,0.40391967946945,0.16625118680106,0.0034715040274487,0.00090522731830141,170.94732464172,-1.8264778555294e-06
7.6,0.00019,5760052.8233232,0.76005282332316,1.1520105646646,9.7396311043209e-05,-0.034822880727934,-9.2603688956791e-05,-9.0733648797636e-05,23.833644143717,0.20836220596033,0.69421782788391,0.40490698517134,0.16655017467866,0.0034725360695765,0.00090541937729919,170.94741580843,-1.8700401591548e-06
7.7,0.00019,5761177.7023284,0.76117770232845,1.1522355404657,9.6742263126577e-05,-0.035077154907875,-9.3257736873423e-05,-9.1343887863027e-05,23.83679864564,0.2092039871891,0.69672212575168,0.40590100264602,0.16684694854257,0.003473542737768,0.00090560874534331,170.94750739219,-1.9138490103959e-06
7.8,0.00019,5762285.7132336,0.76228571323355,1.1524571426467,9.6104962030667e-05,-0.035324900330842,-9.3895037969333e-05,-9.1937142163379e-05,23.839863811654,0.21005892459034,0.69926122349706,0.40690043781762,0.16714116286274,0.0034745249187084,0.00090579542588982,170.9475993307,-1.9578958059541e-06
7.9,0.00019,5763376.5180244,0.76337651802444,1.1526753036049,9.5483906809757e-05,-0.035566302261111,-9.4516093190243e-05,-9.2513920971926e-05,23.842842383655,0.21092603783087,0.70183210889689,0.40790400188854,0.16743249077346,0.0034754834493864,0.00090597941163548,170.9476915842,-2.0021722183169e-06
8,0.00019,5764449.7285265,0.7644497285265,1.1528899457053,9.487858683863e-05,-0.03580155045085,-9.512141316137e-05,-9.3074742961607e-05,23.845737140035,0.21180431674905,0.70443169914585,0.40891041323713,0.16772062365089,0.0034764191137949,0.00090616068503479,170.94778413765,-2.0466701997623e-06
8.1,0.00019,5765504.9114936,0.76550491149359,1.1531009822987,9.4288484123126e-05,-0.036030838318701,-9.5711515876874e-05,-9.362013389197e-05,23.848550884811,0.2126927241616,0.70705684932106,0.40991840037632,0.16800527098436,0.0034773326412708,0.00090633921897467,170.94787700247,-2.0913819849047e-06
8.2,0.00019,5766541.5941845,0.76654159418455,1.1533083188369,9.3713075754944e-05,-0.036254362074574,-9.6286924245056e-05,-9.4150624153022e-05,23.851286435233,0.21359019895489,0.70970436157057,0.41092670502491,0.16828616025936,0.0034782247056635,0.00090651497746443,170.94797021776,-2.1363000920344e-06
8.3,0.00019,5767559.2704251,0.76755927042514,1.153511854085,9.3151836488265e-05,-0.036472319789794,-9.6848163511735e-05,-9.4666746188465e-05,23.853946608834,0.21449565962782,0.71237099554982,0.4119340854922,0.16856303690389,0.0034790959250528,0.00090668791632849,170.94806385113,-2.1814173232701e-06
8.4,0.00019,5768557.4071395,0.76855740713953,1.1537114814279,9.2604241429807e-05,-0.036684910421112,-9.7395758570193e-05,-9.5169031806897e-05,23.856534211391,0.21540800876895,0.71505348145827,0.41293932087919,0.16883566444136,0.0034799468629131,0.00090685798409742,170.94815799904,-2.2267267632964e-06
8.5,0.00019,5769535.4512963,0.76953545129633,1.1539070902593,9.2069768811255e-05,-0.03689233279174,-9.7930231188745e-05,-9.5658009412192e-05,23.859052022031,0.21632613703256,0.71774853154685,0.41394121453796,0.16910382441135,0.0034807780288086,0.0009070251227337,170.94825278642,-2.2722217765531e-06
8.6,0.00019,5770492.837267,0.77049283726705,1.1540985674534,9.1547902828217e-05,-0.037094784541191,-9.8452097171783e-05,-9.6134201168552e-05,23.861502780982,0.21724892840411,0.72045285526907,0.41493859874868,0.1693673166087,0.0034815898808089,0.00090718926865584,170.94834836591,-2.3178960032316e-06
8.7,0.00019,5771428.9945113,0.77142899451125,1.1542857989023,9.1038136504286e-05,-0.037292461049918,-9.8961863495714e-05,-9.6598120142177e-05,23.863889174748,0.2181752647343,0.72316317225272,0.41593033844469,0.1696259590458,0.0034823828273293,0.00090735035360601,170.9484449164,-2.3637433535367e-06
8.8,0.00019,5772343.3555445,0.77234335554448,1.1544686711089,9.0539974566994e-05,-0.037485554354437,-9.9460025433006e-05,-9.7050267432175e-05,23.866213823603,0.21910403114721,0.72587622776723,0.4169153357505,0.16987958812765,0.0034831572302725,0.00090750830575234,170.94854264143,-2.4097580008306e-06
8.9,0.00019,5773235.3641017,0.77323536410173,1.1546470728203,9.0052936259082e-05,-0.037674252057957,-9.9947063740918e-05,-9.749112936791e-05,23.868479267632,0.22003412072775,0.72858880604864,0.4178925336264,0.17012805858317,0.0034839134076387,0.00090766305067178,170.94864176628,-2.455934373008e-06
9,0.00019,5774104.4834113,0.7741044834113,1.1548208966823,8.9576558088025e-05,-0.037858736265499,-0.00010042344191197,-9.7921174769144e-05,23.870687953853,0.22096443933035,0.73129774380591,0.41886091949777,0.17037124341198,0.0034846516370854,0.00090781451248311,170.94874253578,-2.5022671428301e-06
9.1,0.00019,5774950.2044932,0.77495020449319,1.1549900408986,8.9110396440756e-05,-0.038039182542415,-0.00010088960355924,-9.8340852342671e-05,23.872842224449,0.22189391020614,0.7339999432753,0.41981952868297,0.17060903379529,0.0034853721599345,0.00090796261507249,170.9488452097,-2.5487512165731e-06
9.2,0.00019,5775772.0543666,0.77577205436659,1.1551544108733,8.8654030018701e-05,-0.038215758923956,-0.0001013459699813,-9.8750588259311e-05,23.874944305529,0.22282147793121,0.73669238344454,0.4207674471395,0.17084133883936,0.0034860751840978,0.00090810728310082,170.94895006055,-2.5953817219884e-06
9.3,0.00019,5776569.604048,0.77656960404799,1.1553139208096,8.8207062034187e-05,-0.038388624992916,-0.00010179293796581,-9.9150783971047e-05,23.876996296618,0.22374611197348,0.73937212974248,0.42170381360286,0.17106808522425,0.0034867608886002,0.00090824844327075,170.94905736852,-2.6421539947655e-06
9.4,0.00019,5777342.4762017,0.7773424762017,1.1554684952403,8.7769122169988e-05,-0.038557931047656,-0.00010223087783001,-9.9541814265913e-05,23.879000162417,0.22466680982887,0.74203634291903,0.42262782149096,0.1712892168202,0.0034874294276162,0.00090838602550297,170.9491674181,-2.6890635640986e-06
9.5,0.00019,5778090.352353,0.77809035235301,1.1556180704706,8.7339868191827e-05,-0.038723817359853,-0.00010266013180817,-9.9924025670495e-05,23.880957724385,0.22558259892736,0.74468228409571,0.42353871944004,0.17150469401784,0.0034880809342984,0.00090851996402558,170.94928049329,-2.7361061376782e-06
9.6,0.00019,5778812.9795019,0.77881297950193,1.1557625959004,8.6918987223278e-05,-0.038886413563702,-0.00010308101277672,-0.00010029773519082,23.882870656621,0.22649253908595,0.74730732138959,0.42443581241643,0.17171449325015,0.0034887155257304,0.00090865019866505,170.94939687298,-2.783277585898e-06
9.7,0.00019,5779510.1760259,0.77951017602595,1.1559020352052,8.6506196627857e-05,-0.039045838173001,-0.00010349380337214,-0.00010066322944641,23.884740480583,0.22739572268771,0.74990893033867,0.42531846076127,0.17191860606299,0.0034893333060024,0.00090877667570553,170.94951682788,-2.8305739257356e-06
9.8,0.00019,5780181.8367559,0.78018183675594,1.1560363673512,8.6101244486545e-05,-0.039202198247024,-0.00010389875551346,-0.0001010207642087,23.886568563978,0.22829127547685,0.75248469568014,0.42618607970079,0.172117038369,0.0034899343711937,0.00090889934908667,170.94964061601,-2.8779913047519e-06
9.9,0.00019,5780827.9371232,0.7808279371232,1.1561655874246,8.5703909647576e-05,-0.039355589209642,-0.00010429609035242,-0.00010137056436815,23.888356120916,0.22917835629149,0.75503231019619,0.42703813791638,0.17230980953143,0.0034905188134184,0.00090901818133577,170.94976847918,-2.9255259842709e-06
10,0.00019,5781448.5362877,0.78144853628772,1.1562897072575,8.5314001291294e-05,-0.039506094830464,-0.00010468599870871,-0.00010171282438465,23.890104213785,0.2300561557391,0.7575495709353,0.42787415533751,0.17249695131525,0.0034910867238201,0.00090913314427065,170.94990063961,-2.9731743240585e-06
