T_solid,id,x,y,z
813.99051153058,18,0,0.0097,0
814.1314244842,19,0,0.0099,0
814.26951934203,20,0,0.0101,0
814.40490662098,21,0,0.0103,0
814.53769046199,22,0,0.0105,0
813.990320242,41,0,0.0097,0.01
814.13123319563,42,0,0.0099,0.01
814.26932805346,43,0,0.0101,0.01
814.40471533242,44,0,0.0103,0.01
814.53749917342,45,0,0.0105,0.01
813.98974637628,64,0,0.0097,0.02
814.13065932992,65,0,0.0099,0.02
814.26875418776,66,0,0.0101,0.02
814.40414146672,67,0,0.0103,0.02
814.53692530773,68,0,0.0105,0.02
813.98878993342,87,0,0.0097,0.03
814.12970288706,88,0,0.0099,0.03
814.26779774492,89,0,0.0101,0.03
814.40318502388,90,0,0.0103,0.03
814.5359688649,91,0,0.0105,0.03
813.9874509134,110,0,0.0097,0.04
814.12836386707,111,0,0.0099,0.04
814.26645872494,112,0,0.0101,0.04
814.40184600392,113,0,0.0103,0.04
814.53462984495,114,0,0.0105,0.04
813.98572931624,133,0,0.0097,0.05
814.12664226993,134,0,0.0099,0.05
814.26473712782,135,0,0.0101,0.05
814.40012440682,136,0,0.0103,0.05
814.53290824787,137,0,0.0105,0.05
813.98362514194,156,0,0.0097,0.06
814.12453809565,157,0,0.0099,0.06
814.26263295356,158,0,0.0101,0.06
814.39802023259,159,0,0.0103,0.06
814.53080407366,160,0,0.0105,0.06
813.98113839048,179,0,0.0097,0.07
814.12205134423,180,0,0.0099,0.07
814.26014620217,181,0,0.0101,0.07
814.39553348122,182,0,0.0103,0.07
814.52831732232,183,0,0.0105,0.07
813.97826906188,202,0,0.0097,0.08
814.11918201566,203,0,0.0099,0.08
814.25727687364,204,0,0.0101,0.08
814.39266415272,205,0,0.0103,0.08
814.52544799384,206,0,0.0105,0.08
813.97501715613,225,0,0.0097,0.09
814.11593010996,226,0,0.0099,0.09
814.25402496797,227,0,0.0101,0.09
814.38941224709,228,0,0.0103,0.09
814.52219608824,229,0,0.0105,0.09
813.97138267324,248,0,0.0097,0.1
814.11229562711,249,0,0.0099,0.1
814.25039048517,250,0,0.0101,0.1
814.38577776432,251,0,0.0103,0.1
814.51856160551,252,0,0.0105,0.1
813.9673656132,271,0,0.0097,0.11
814.10827856712,272,0,0.0099,0.11
814.24637342523,273,0,0.0101,0.11
814.38176070442,274,0,0.0103,0.11
814.51454454565,275,0,0.0105,0.11
813.96296597601,294,0,0.0097,0.12
814.10387892999,295,0,0.0099,0.12
814.24197378814,296,0,0.0101,0.12
814.37736106739,297,0,0.0103,0.12
814.51014490866,298,0,0.0105,0.12
813.95818376167,317,0,0.0097,0.13
814.09909671571,318,0,0.0099,0.13
814.23719157392,319,0,0.0101,0.13
814.37257885322,320,0,0.0103,0.13
814.50536269454,321,0,0.0105,0.13
813.95301897018,340,0,0.0097,0.14
814.09393192429,341,0,0.0099,0.14
814.23202678256,342,0,0.0101,0.14
814.36741406192,343,0,0.0103,0.14
814.50019790328,344,0,0.0105,0.14
813.94747160155,363,0,0.0097,0.15
814.08838455573,364,0,0.0099,0.15
814.22647941407,365,0,0.0101,0.15
814.36186669348,366,0,0.0103,0.15
814.4946505349,367,0,0.0105,0.15
813.94154165577,386,0,0.0097,0.16
814.08245461002,387,0,0.0099,0.16
814.22054946843,388,0,0.0101,0.16
814.3559367479,389,0,0.0103,0.16
814.48872058938,390,0,0.0105,0.16
813.93522913284,409,0,0.0097,0.17
814.07614208717,410,0,0.0099,0.17
814.21423694565,411,0,0.0101,0.17
814.3496242252,412,0,0.0103,0.17
814.48240806673,413,0,0.0105,0.17
813.92853403276,432,0,0.0097,0.18
814.06944698718,433,0,0.0099,0.18
814.20754184574,434,0,0.0101,0.18
814.34292912535,435,0,0.0103,0.18
814.47571296696,436,0,0.0105,0.18
813.92145635553,455,0,0.0097,0.19
814.06236931004,456,0,0.0099,0.19
814.20046416868,457,0,0.0101,0.19
814.33585144837,458,0,0.0103,0.19
814.46863529004,459,0,0.0105,0.19
813.91399610115,478,0,0.0097,0.2
814.05490905576,479,0,0.0099,0.2
814.19300391449,480,0,0.0101,0.2
814.32839119426,481,0,0.0103,0.2
814.461175036,482,0,0.0105,0.2
813.90615326962,501,0,0.0097,0.21
814.04706622433,502,0,0.0099,0.21
814.18516108315,503,0,0.0101,0.21
814.320548363,504,0,0.0103,0.21
814.45333220482,505,0,0.0105,0.21
813.89792786094,524,0,0.0097,0.22
814.03884081575,525,0,0.0099,0.22
814.17693567467,526,0,0.0101,0.22
814.31232295461,527,0,0.0103,0.22
814.44510679651,528,0,0.0105,0.22
813.88931987511,547,0,0.0097,0.23
814.03023283003,548,0,0.0099,0.23
814.16832768905,549,0,0.0101,0.23
814.30371496909,550,0,0.0103,0.23
814.43649881107,551,0,0.0105,0.23
813.88032931213,570,0,0.0097,0.24
814.02124226717,571,0,0.0099,0.24
814.15933712629,572,0,0.0101,0.24
814.29472440642,573,0,0.0103,0.24
814.42750824849,574,0,0.0105,0.24
813.87095617199,593,0,0.0097,0.25
814.01186912715,594,0,0.0099,0.25
814.14996398639,595,0,0.0101,0.25
814.28535126662,596,0,0.0103,0.25
814.41813510878,597,0,0.0105,0.25
813.86120045471,616,0,0.0097,0.26
814.00211340999,617,0,0.0099,0.26
814.14020826935,618,0,0.0101,0.26
814.27559554968,619,0,0.0103,0.26
814.40837939193,620,0,0.0105,0.26
813.85106216027,639,0,0.0097,0.27
813.99197511569,640,0,0.0099,0.27
814.13006997516,641,0,0.0101,0.27
814.2654572556,642,0,0.0103,0.27
814.39824109795,643,0,0.0105,0.27
813.84054128868,662,0,0.0097,0.28
813.98145424423,663,0,0.0099,0.28
814.11954910382,664,0,0.0101,0.28
814.25493638438,665,0,0.0103,0.28
814.38772022683,666,0,0.0105,0.28
813.82963783994,685,0,0.0097,0.29
813.97055079563,686,0,0.0099,0.29
814.10864565535,687,0,0.0101,0.29
814.24403293602,688,0,0.0103,0.29
814.37681677857,689,0,0.0105,0.29
813.81835181404,708,0,0.0097,0.3
813.95926476987,709,0,0.0099,0.3
814.09735962973,710,0,0.0101,0.3
814.23274691052,711,0,0.0103,0.3
814.36553075318,712,0,0.0105,0.3
813.80668321098,731,0,0.0097,0.31
813.94759616697,732,0,0.0099,0.31
814.08569102696,733,0,0.0101,0.31
814.22107830788,734,0,0.0103,0.31
814.35386215065,735,0,0.0105,0.31
813.79463203078,754,0,0.0097,0.32
813.93554498692,755,0,0.0099,0.32
814.07363984705,756,0,0.0101,0.32
814.20902712809,757,0,0.0103,0.32
814.34181097099,758,0,0.0105,0.32
813.78219827341,777,0,0.0097,0.33
813.92311122971,778,0,0.0099,0.33
814.06120608999,779,0,0.0101,0.33
814.19659337117,780,0,0.0103,0.33
814.32937721418,781,0,0.0105,0.33
813.7693819389,800,0,0.0097,0.34
813.91029489536,801,0,0.0099,0.34
814.04838975579,802,0,0.0101,0.34
814.1837770371,803,0,0.0103,0.34
814.31656088024,804,0,0.0105,0.34
813.75618302722,823,0,0.0097,0.35
813.89709598385,824,0,0.0099,0.35
814.03519084444,825,0,0.0101,0.35
814.17057812589,826,0,0.0103,0.35
814.30336196915,827,0,0.0105,0.35
813.74260153839,846,0,0.0097,0.36
813.8835144952,847,0,0.0099,0.36
814.02160935594,848,0,0.0101,0.36
814.15699663754,849,0,0.0103,0.36
814.28978048093,850,0,0.0105,0.36
813.7286374724,869,0,0.0097,0.37
813.86955042938,870,0,0.0099,0.37
814.00764529029,871,0,0.0101,0.37
814.14303257204,872,0,0.0103,0.37
814.27581641557,873,0,0.0105,0.37
813.71429082925,892,0,0.0097,0.38
813.85520378642,893,0,0.0099,0.38
813.99329864749,894,0,0.0101,0.38
814.12868592939,895,0,0.0103,0.38
814.26146977306,896,0,0.0105,0.38
813.69956160894,915,0,0.0097,0.39
813.8404745663,916,0,0.0099,0.39
813.97856942755,917,0,0.0101,0.39
814.1139567096,918,0,0.0103,0.39
814.24674055341,919,0,0.0105,0.39
813.68444981147,938,0,0.0097,0.4
813.82536276903,939,0,0.0099,0.4
813.96345763045,940,0,0.0101,0.4
814.09884491267,941,0,0.0103,0.4
814.23162875662,942,0,0.0105,0.4
813.66895543685,961,0,0.0097,0.41
813.8098683946,962,0,0.0099,0.41
813.9479632562,963,0,0.0101,0.41
814.08335053858,964,0,0.0103,0.41
814.21613438269,965,0,0.0105,0.41
813.65307848506,984,0,0.0097,0.42
813.79399144301,985,0,0.0099,0.42
813.9320863048,986,0,0.0101,0.42
814.06747358735,987,0,0.0103,0.42
814.20025743161,988,0,0.0105,0.42
813.63681895611,1007,0,0.0097,0.43
813.77773191427,1008,0,0.0099,0.43
813.91582677625,1009,0,0.0101,0.43
814.05121405897,1010,0,0.0103,0.43
814.18399790338,1011,0,0.0105,0.43
813.62017684999,1030,0,0.0097,0.44
813.76108980837,1031,0,0.0099,0.44
813.89918467054,1032,0,0.0101,0.44
814.03457195344,1033,0,0.0103,0.44
814.16735579801,1034,0,0.0105,0.44
813.60315216672,1053,0,0.0097,0.45
813.74406512531,1054,0,0.0099,0.45
813.88215998768,1055,0,0.0101,0.45
814.01754727077,1056,0,0.0103,0.45
814.1503311155,1057,0,0.0105,0.45
813.58574490628,1076,0,0.0097,0.46
813.72665786509,1077,0,0.0099,0.46
813.86475272767,1078,0,0.0101,0.46
814.00014001094,1079,0,0.0103,0.46
814.13292385584,1080,0,0.0105,0.46
813.56795506867,1099,0,0.0097,0.47
813.70886802771,1100,0,0.0099,0.47
813.8469628905,1101,0,0.0101,0.47
813.98235017395,1102,0,0.0103,0.47
814.11513401902,1103,0,0.0105,0.47
813.5497826539,1122,0,0.0097,0.48
813.69069561317,1123,0,0.0099,0.48
813.82879047617,1124,0,0.0101,0.48
813.96417775982,1125,0,0.0103,0.48
814.09696160506,1126,0,0.0105,0.48
813.53122766196,1145,0,0.0097,0.49
813.67214062147,1146,0,0.0099,0.49
813.81023548469,1147,0,0.0101,0.49
813.94562276853,1148,0,0.0103,0.49
814.07840661395,1149,0,0.0105,0.49
813.51229009286,1168,0,0.0097,0.5
813.65320305261,1169,0,0.0099,0.5
813.79129791604,1170,0,0.0101,0.5
813.92668520009,1171,0,0.0103,0.5
814.05946904569,1172,0,0.0105,0.5
813.49296994658,1191,0,0.0097,0.51
813.63388290658,1192,0,0.0099,0.51
813.77197777024,1193,0,0.0101,0.51
813.90736505449,1194,0,0.0103,0.51
814.04014890028,1195,0,0.0105,0.51
813.47326722314,1214,0,0.0097,0.52
813.61418018339,1215,0,0.0099,0.52
813.75227504728,1216,0,0.0101,0.52
813.88766233174,1217,0,0.0103,0.52
814.02044617772,1218,0,0.0105,0.52
813.45318192253,1237,0,0.0097,0.53
813.59409488303,1238,0,0.0099,0.53
813.73218974716,1239,0,0.0101,0.53
813.86757703183,1240,0,0.0103,0.53
814.000360878,1241,0,0.0105,0.53
813.43271404474,1260,0,0.0097,0.54
813.57362700551,1261,0,0.0099,0.54
813.71172186987,1262,0,0.0101,0.54
813.84710915476,1263,0,0.0103,0.54
813.97989300113,1264,0,0.0105,0.54
813.41186358979,1283,0,0.0097,0.55
813.55277655082,1284,0,0.0099,0.55
813.69087141543,1285,0,0.0101,0.55
813.82625870054,1286,0,0.0103,0.55
813.9590425471,1287,0,0.0105,0.55
813.39063055766,1306,0,0.0097,0.56
813.53154351896,1307,0,0.0099,0.56
813.66963838382,1308,0,0.0101,0.56
813.80502566915,1309,0,0.0103,0.56
813.93780951592,1310,0,0.0105,0.56
813.36901494836,1329,0,0.0097,0.57
813.50992790993,1330,0,0.0099,0.57
813.64802277504,1331,0,0.0101,0.57
813.78341006061,1332,0,0.0103,0.57
813.91619390758,1333,0,0.0105,0.57
813.34701676188,1352,0,0.0097,0.58
813.48792972374,1353,0,0.0099,0.58
813.6260245891,1354,0,0.0101,0.58
813.7614118749,1355,0,0.0103,0.58
813.89419572208,1356,0,0.0105,0.58
813.32463599823,1375,0,0.0097,0.59
813.46554896037,1376,0,0.0099,0.59
813.60364382599,1377,0,0.0101,0.59
813.73903111203,1378,0,0.0103,0.59
813.87181495942,1379,0,0.0105,0.59
813.3018726574,1398,0,0.0097,0.6
813.44278561983,1399,0,0.0099,0.6
813.58088048572,1400,0,0.0101,0.6
813.71626777199,1401,0,0.0103,0.6
813.84905161961,1402,0,0.0105,0.6
813.27872673939,1421,0,0.0097,0.61
813.41963970212,1422,0,0.0099,0.61
813.55773456828,1423,0,0.0101,0.61
813.6931218548,1424,0,0.0103,0.61
813.82590570263,1425,0,0.0105,0.61
813.25519824421,1444,0,0.0097,0.62
813.39611120723,1445,0,0.0099,0.62
813.53420607366,1446,0,0.0101,0.62
813.66959336043,1447,0,0.0103,0.62
813.80237720849,1448,0,0.0105,0.62
813.23128717184,1467,0,0.0097,0.63
813.37220013517,1468,0,0.0099,0.63
813.51029500188,1469,0,0.0101,0.63
813.6456822889,1470,0,0.0103,0.63
813.77846613719,1471,0,0.0105,0.63
813.2069935223,1490,0,0.0097,0.64
813.34790648593,1491,0,0.0099,0.64
813.48600135292,1492,0,0.0101,0.64
813.6213886402,1493,0,0.0103,0.64
813.75417248872,1494,0,0.0105,0.64
813.18231729557,1513,0,0.0097,0.65
813.32323025952,1514,0,0.0099,0.65
813.4613251268,1515,0,0.0101,0.65
813.59671241433,1516,0,0.0103,0.65
813.72949626308,1517,0,0.0105,0.65
813.15725849166,1536,0,0.0097,0.66
813.29817145592,1537,0,0.0099,0.66
813.43626632349,1538,0,0.0101,0.66
813.57165361129,1539,0,0.0103,0.66
813.70443746028,1540,0,0.0105,0.66
813.13181711056,1559,0,0.0097,0.67
813.27273007515,1560,0,0.0099,0.67
813.41082494302,1561,0,0.0101,0.67
813.54621223109,1562,0,0.0103,0.67
813.67899608032,1563,0,0.0105,0.67
813.10599315228,1582,0,0.0097,0.68
813.2469061172,1583,0,0.0099,0.68
813.38500098536,1584,0,0.0101,0.68
813.5203882737,1585,0,0.0103,0.68
813.65317212318,1586,0,0.0105,0.68
813.07978661681,1605,0,0.0097,0.69
813.22069958206,1606,0,0.0099,0.69
813.35879445053,1607,0,0.0101,0.69
813.49418173915,1608,0,0.0103,0.69
813.62696558887,1609,0,0.0105,0.69
813.05319750416,1628,0,0.0097,0.7
813.19411046975,1629,0,0.0099,0.7
813.33220533852,1630,0,0.0101,0.7
813.46759262742,1631,0,0.0103,0.7
813.6003764774,1632,0,0.0105,0.7
813.02622581431,1651,0,0.0097,0.71
813.16713878024,1652,0,0.0099,0.71
813.30523364933,1653,0,0.0101,0.71
813.44062093851,1654,0,0.0103,0.71
813.57340478874,1655,0,0.0105,0.71
812.99887154728,1674,0,0.0097,0.72
813.13978451356,1675,0,0.0099,0.72
813.27787938296,1676,0,0.0101,0.72
813.41326667243,1677,0,0.0103,0.72
813.54605052292,1678,0,0.0105,0.72
812.97113470305,1697,0,0.0097,0.73
813.11204766968,1698,0,0.0099,0.73
813.25014253941,1699,0,0.0101,0.73
813.38552982917,1700,0,0.0103,0.73
813.51831367992,1701,0,0.0105,0.73
812.94301528164,1720,0,0.0097,0.74
813.08392824862,1721,0,0.0099,0.74
813.22202311867,1722,0,0.0101,0.74
813.35741040872,1723,0,0.0103,0.74
813.49019425975,1724,0,0.0105,0.74
812.91451328302,1743,0,0.0097,0.75
813.05542625037,1744,0,0.0099,0.75
813.19352112075,1745,0,0.0101,0.75
813.3289084111,1746,0,0.0103,0.75
813.46169226239,1747,0,0.0105,0.75
812.88562870722,1766,0,0.0097,0.76
813.02654167493,1767,0,0.0099,0.76
813.16463654564,1768,0,0.0101,0.76
813.3000238363,1769,0,0.0103,0.76
813.43280768786,1770,0,0.0105,0.76
812.85636155421,1789,0,0.0097,0.77
812.99727452229,1790,0,0.0099,0.77
813.13536939334,1791,0,0.0101,0.77
813.27075668431,1792,0,0.0103,0.77
813.40354053615,1793,0,0.0105,0.77
812.82671182401,1812,0,0.0097,0.78
812.96762479247,1813,0,0.0099,0.78
813.10571966386,1814,0,0.0101,0.78
813.24110695513,1815,0,0.0103,0.78
813.37389080725,1816,0,0.0105,0.78
812.79667951661,1835,0,0.0097,0.79
812.93759248544,1836,0,0.0099,0.79
813.07568735718,1837,0,0.0101,0.79
813.21107464877,1838,0,0.0103,0.79
813.34385850118,1839,0,0.0105,0.79
812.76626463201,1858,0,0.0097,0.8
812.90717760123,1859,0,0.0099,0.8
813.04527247332,1860,0,0.0101,0.8
813.18065976522,1861,0,0.0103,0.8
813.31344361792,1862,0,0.0105,0.8
812.73546717021,1881,0,0.0097,0.81
812.87638013981,1882,0,0.0099,0.81
813.01447501226,1883,0,0.0101,0.81
813.14986230449,1884,0,0.0103,0.81
813.28264615747,1885,0,0.0105,0.81
812.70428713121,1904,0,0.0097,0.82
812.8452001012,1905,0,0.0099,0.82
812.983294974,1906,0,0.0101,0.82
813.11868226656,1907,0,0.0103,0.82
813.25146611984,1908,0,0.0105,0.82
812.672724515,1927,0,0.0097,0.83
812.81363748539,1928,0,0.0099,0.83
812.95173235856,1929,0,0.0101,0.83
813.08711965144,1930,0,0.0103,0.83
813.21990350501,1931,0,0.0105,0.83
812.64077932158,1950,0,0.0097,0.84
812.78169229237,1951,0,0.0099,0.84
812.91978716591,1952,0,0.0101,0.84
813.05517445913,1953,0,0.0103,0.84
813.187958313,1954,0,0.0105,0.84
812.60845155096,1973,0,0.0097,0.85
812.74936452216,1974,0,0.0099,0.85
812.88745939606,1975,0,0.0101,0.85
813.02284668962,1976,0,0.0103,0.85
813.1556305438,1977,0,0.0105,0.85
812.57574120312,1996,0,0.0097,0.86
812.71665417474,1997,0,0.0099,0.86
812.85474904902,1998,0,0.0101,0.86
812.99013634292,1999,0,0.0103,0.86
813.1229201974,2000,0,0.0105,0.86
812.54264827808,2019,0,0.0097,0.87
812.68356125011,2020,0,0.0099,0.87
812.82165612477,2021,0,0.0101,0.87
812.95704341902,2022,0,0.0103,0.87
813.08982727381,2023,0,0.0105,0.87
812.50917277583,2042,0,0.0097,0.88
812.65008574828,2043,0,0.0099,0.88
812.78818062332,2044,0,0.0101,0.88
812.92356791791,2045,0,0.0103,0.88
813.05635177302,2046,0,0.0105,0.88
812.47531469636,2065,0,0.0097,0.89
812.61622766924,2066,0,0.0099,0.89
812.75432254467,2067,0,0.0101,0.89
812.88970983961,2068,0,0.0103,0.89
813.02249369504,2069,0,0.0105,0.89
812.44107403968,2088,0,0.0097,0.9
812.58198701298,2089,0,0.0099,0.9
812.72008188881,2090,0,0.0101,0.9
812.85546918411,2091,0,0.0103,0.9
812.98825303986,2092,0,0.0105,0.9
812.40645080578,2111,0,0.0097,0.91
812.54736377952,2112,0,0.0099,0.91
812.68545865574,2113,0,0.0101,0.91
812.8208459514,2114,0,0.0103,0.91
812.95362980747,2115,0,0.0105,0.91
812.37144499466,2134,0,0.0097,0.92
812.51235796884,2135,0,0.0099,0.92
812.65045284547,2136,0,0.0101,0.92
812.78584014149,2137,0,0.0103,0.92
812.91862399789,2138,0,0.0105,0.92
812.33605660633,2157,0,0.0097,0.93
812.47696958095,2158,0,0.0099,0.93
812.61506445798,2159,0,0.0101,0.93
812.75045175437,2160,0,0.0103,0.93
812.8832356111,2161,0,0.0105,0.93
812.30028564077,2180,0,0.0097,0.94
812.44119861584,2181,0,0.0099,0.94
812.57929349328,2182,0,0.0101,0.94
812.71468079004,2183,0,0.0103,0.94
812.8474646471,2184,0,0.0105,0.94
812.26413209799,2203,0,0.0097,0.95
812.40504507351,2204,0,0.0099,0.95
812.54313995136,2205,0,0.0101,0.95
812.6785272485,2206,0,0.0103,0.95
812.8113111059,2207,0,0.0105,0.95
812.22759597799,2226,0,0.0097,0.96
812.36850895397,2227,0,0.0099,0.96
812.50660383224,2228,0,0.0101,0.96
812.64199112975,2229,0,0.0103,0.96
812.77477498749,2230,0,0.0105,0.96
812.19067728076,2249,0,0.0097,0.97
812.3315902572,2250,0,0.0099,0.97
812.46968513589,2251,0,0.0101,0.97
812.60507243379,2252,0,0.0103,0.97
812.73785629187,2253,0,0.0105,0.97
812.15337600631,2272,0,0.0097,0.98
812.29428898321,2273,0,0.0099,0.98
812.43238386232,2274,0,0.0101,0.98
812.56777116061,2275,0,0.0103,0.98
812.70055501904,2276,0,0.0105,0.98
812.11569215462,2295,0,0.0097,0.99
812.25660513199,2296,0,0.0099,0.99
812.39470001154,2297,0,0.0101,0.99
812.53008731021,2298,0,0.0103,0.99
812.662871169,2299,0,0.0105,0.99
812.0776257257,2318,0,0.0097,1
812.21853870355,2319,0,0.0099,1
812.35663358353,2320,0,0.0101,1
812.4920208826,2321,0,0.0103,1
812.62480474174,2322,0,0.0105,1
812.03917671956,2341,0,0.0097,1.01
812.18008969788,2342,0,0.0099,1.01
812.3181845783,2343,0,0.0101,1.01
812.45357187776,2344,0,0.0103,1.01
812.58635573726,2345,0,0.0105,1.01
812.00034513617,2364,0,0.0097,1.02
812.14125811498,2365,0,0.0099,1.02
812.27935299584,2366,0,0.0101,1.02
812.41474029571,2367,0,0.0103,1.02
812.54752415556,2368,0,0.0105,1.02
811.96113097555,2387,0,0.0097,1.03
812.10204395485,2388,0,0.0099,1.03
812.24013883616,2389,0,0.0101,1.03
812.37552613643,2390,0,0.0103,1.03
812.50830999665,2391,0,0.0105,1.03
811.9215342377,2410,0,0.0097,1.04
812.06244721749,2411,0,0.0099,1.04
812.20054209924,2412,0,0.0101,1.04
812.33592939992,2413,0,0.0103,1.04
812.46871326051,2414,0,0.0105,1.04
811.8815549226,2433,0,0.0097,1.05
812.02246790289,2434,0,0.0099,1.05
812.1605627851,2435,0,0.0101,1.05
812.29595008619,2436,0,0.0103,1.05
812.42873394714,2437,0,0.0105,1.05
811.84119303026,2456,0,0.0097,1.06
811.98210601106,2457,0,0.0099,1.06
812.12020089372,2458,0,0.0101,1.06
812.25558819522,2459,0,0.0103,1.06
812.38837205655,2460,0,0.0105,1.06
811.80044856069,2479,0,0.0097,1.07
811.94136154198,2480,0,0.0099,1.07
812.07945642511,2481,0,0.0101,1.07
812.21484372703,2482,0,0.0103,1.07
812.34762758874,2483,0,0.0105,1.07
811.75932151386,2502,0,0.0097,1.08
811.90023449567,2503,0,0.0099,1.08
812.03832937926,2504,0,0.0101,1.08
812.17371668161,2505,0,0.0103,1.08
812.30650054369,2506,0,0.0105,1.08
811.71781188979,2525,0,0.0097,1.09
811.85872487211,2526,0,0.0099,1.09
811.99681975617,2527,0,0.0101,1.09
812.13220705894,2528,0,0.0103,1.09
812.26499092142,2529,0,0.0105,1.09
811.67591968847,2548,0,0.0097,1.1
811.81683267131,2549,0,0.0099,1.1
811.95492755585,2550,0,0.0101,1.1
812.09031485905,2551,0,0.0103,1.1
812.2230987219,2552,0,0.0105,1.1
811.6336449099,2571,0,0.0097,1.11
811.77455789327,2572,0,0.0099,1.11
811.91265277828,2573,0,0.0101,1.11
812.04804008191,2574,0,0.0103,1.11
812.18082394516,2575,0,0.0105,1.11
811.59098755408,2594,0,0.0097,1.12
811.73190053797,2595,0,0.0099,1.12
811.86999542347,2596,0,0.0101,1.12
812.00538272754,2597,0,0.0103,1.12
812.13816659118,2598,0,0.0105,1.12
811.547947621,2617,0,0.0097,1.13
811.68886060543,2618,0,0.0099,1.13
811.82695549141,2619,0,0.0101,1.13
811.96234279592,2620,0,0.0103,1.13
812.09512665996,2621,0,0.0105,1.13
811.50452511067,2640,0,0.0097,1.14
811.64543809563,2641,0,0.0099,1.14
811.7835329821,2642,0,0.0101,1.14
811.91892028706,2643,0,0.0103,1.14
812.05170415149,2644,0,0.0105,1.14
811.46072002308,2663,0,0.0097,1.15
811.60163300859,2664,0,0.0099,1.15
811.73972789555,2665,0,0.0101,1.15
811.87511520095,2666,0,0.0103,1.15
812.00789906579,2667,0,0.0105,1.15
811.41653235823,2686,0,0.0097,1.16
811.55744534428,2687,0,0.0099,1.16
811.69554023174,2688,0,0.0101,1.16
811.8309275376,2689,0,0.0103,1.16
811.96371140284,2690,0,0.0105,1.16
811.37196211612,2709,0,0.0097,1.17
811.51287510272,2710,0,0.0099,1.17
811.65096999068,2711,0,0.0101,1.17
811.78635729699,2712,0,0.0103,1.17
811.91914116264,2713,0,0.0105,1.17
811.32700929675,2732,0,0.0097,1.18
811.4679222839,2733,0,0.0099,1.18
811.60601717237,2734,0,0.0101,1.18
811.74140447913,2735,0,0.0103,1.18
811.8741883452,2736,0,0.0105,1.18
811.28167390011,2755,0,0.0097,1.19
811.42258688782,2756,0,0.0099,1.19
811.5606817768,2757,0,0.0101,1.19
811.69606908402,2758,0,0.0103,1.19
811.8288529505,2759,0,0.0105,1.19
811.2359559262,2778,0,0.0097,1.2
811.37686891447,2779,0,0.0099,1.2
811.51496380396,2780,0,0.0101,1.2
811.65035111166,2781,0,0.0103,1.2
811.78313497855,2782,0,0.0105,1.2
811.18985537503,2801,0,0.0097,1.21
811.33076836386,2802,0,0.0099,1.21
811.46886325387,2803,0,0.0101,1.21
811.60425056203,2804,0,0.0103,1.21
811.73703442935,2805,0,0.0105,1.21
811.14337224658,2824,0,0.0097,1.22
811.28428523599,2825,0,0.0099,1.22
811.42238012651,2826,0,0.0101,1.22
811.55776743515,2827,0,0.0103,1.22
811.69055130289,2828,0,0.0105,1.22
811.09650654086,2847,0,0.0097,1.23
811.23741953084,2848,0,0.0099,1.23
811.37551442189,2849,0,0.0101,1.23
811.510901731,2850,0,0.0103,1.23
811.64368559917,2851,0,0.0105,1.23
811.04925825786,2870,0,0.0097,1.24
811.19017124842,2871,0,0.0099,1.24
811.32826614,2872,0,0.0101,1.24
811.46365344959,2873,0,0.0103,1.24
811.59643731818,2874,0,0.0105,1.24
811.00162739758,2893,0,0.0097,1.25
811.14254038873,2894,0,0.0099,1.25
811.28063528084,2895,0,0.0101,1.25
811.41602259091,2896,0,0.0103,1.25
811.54880645994,2897,0,0.0105,1.25
810.95361396003,2916,0,0.0097,1.26
811.09452695176,2917,0,0.0099,1.26
811.23262184441,2918,0,0.0101,1.26
811.36800915496,2919,0,0.0103,1.26
811.50079302443,2920,0,0.0105,1.26
810.90521794519,2939,0,0.0097,1.27
811.04613093752,2940,0,0.0099,1.27
811.18422583071,2941,0,0.0101,1.27
811.31961314175,2942,0,0.0103,1.27
811.45239701165,2943,0,0.0105,1.27
810.85643935307,2962,0,0.0097,1.28
810.99735234599,2963,0,0.0099,1.28
811.13544723972,2964,0,0.0101,1.28
811.27083455126,2965,0,0.0103,1.28
811.40361842161,2966,0,0.0105,1.28
810.80727818366,2985,0,0.0097,1.29
810.94819117718,2986,0,0.0099,1.29
811.08628607146,2987,0,0.0101,1.29
811.22167338349,2988,0,0.0103,1.29
811.35445725429,2989,0,0.0105,1.29
810.75773443696,3008,0,0.0097,1.3
810.89864743109,3009,0,0.0099,1.3
811.03674232592,3010,0,0.0101,1.3
811.17212963845,3011,0,0.0103,1.3
811.30491350969,3012,0,0.0105,1.3
810.70780811298,3031,0,0.0097,1.31
810.84872110771,3032,0,0.0099,1.31
810.9868160031,3033,0,0.0101,1.31
811.12220331613,3034,0,0.0103,1.31
811.25498718783,3035,0,0.0105,1.31
810.6574992117,3054,0,0.0097,1.32
810.79841220705,3055,0,0.0099,1.32
810.93650710299,3056,0,0.0101,1.32
811.07189441653,3057,0,0.0103,1.32
811.20467828868,3058,0,0.0105,1.32
810.60680773312,3077,0,0.0097,1.33
810.74772072909,3078,0,0.0099,1.33
810.8858156256,3079,0,0.0101,1.33
811.02120293965,3080,0,0.0103,1.33
811.15398681225,3081,0,0.0105,1.33
810.55573367725,3100,0,0.0097,1.34
810.69664667384,3101,0,0.0099,1.34
810.83474157092,3102,0,0.0101,1.34
810.97012888547,3103,0,0.0103,1.34
811.10291275854,3104,0,0.0105,1.34
810.50427704408,3123,0,0.0097,1.35
810.6451900413,3124,0,0.0099,1.35
810.78328493894,3125,0,0.0101,1.35
810.91867225402,3126,0,0.0103,1.35
811.05145612754,3127,0,0.0105,1.35
810.45243783361,3146,0,0.0097,1.36
810.59335083145,3147,0,0.0099,1.36
810.73144572967,3148,0,0.0101,1.36
810.86683304527,3149,0,0.0103,1.36
810.99961691926,3150,0,0.0105,1.36
810.40021604583,3169,0,0.0097,1.37
810.54112904431,3170,0,0.0099,1.37
810.67922394311,3171,0,0.0101,1.37
810.81461125922,3172,0,0.0103,1.37
810.94739513368,3173,0,0.0105,1.37
810.34761168075,3192,0,0.0097,1.38
810.48852467987,3193,0,0.0099,1.38
810.62661957924,3194,0,0.0101,1.38
810.76200689589,3195,0,0.0103,1.38
810.89479077082,3196,0,0.0105,1.38
810.29462473836,3215,0,0.0097,1.39
810.43553773812,3216,0,0.0099,1.39
810.57363263808,3217,0,0.0101,1.39
810.70901995525,3218,0,0.0103,1.39
810.84180383066,3219,0,0.0105,1.39
810.24125521866,3238,0,0.0097,1.4
810.38216821906,3239,0,0.0099,1.4
810.52026311961,3240,0,0.0101,1.4
810.65565043732,3241,0,0.0103,1.4
810.7884343132,3242,0,0.0105,1.4
810.18750312165,3261,0,0.0097,1.41
810.3284161227,3262,0,0.0099,1.41
810.46651102384,3263,0,0.0101,1.41
810.60189834208,3264,0,0.0103,1.41
810.73468221845,3265,0,0.0105,1.41
810.13336844732,3284,0,0.0097,1.42
810.27428144902,3285,0,0.0099,1.42
810.41237635076,3286,0,0.0101,1.42
810.54776366954,3287,0,0.0103,1.42
810.68054754639,3288,0,0.0105,1.42
810.07885119567,3307,0,0.0097,1.43
810.21976419803,3308,0,0.0099,1.43
810.35785910037,3309,0,0.0101,1.43
810.49324641969,3310,0,0.0103,1.43
810.62603029703,3311,0,0.0105,1.43
810.0239513667,3330,0,0.0097,1.44
810.16486436973,3331,0,0.0099,1.44
810.30295927267,3332,0,0.0101,1.44
810.43834659253,3333,0,0.0103,1.44
810.57113047036,3334,0,0.0105,1.44
809.96866896041,3353,0,0.0097,1.45
810.1095819641,3354,0,0.0099,1.45
810.24767686765,3355,0,0.0101,1.45
810.38306418806,3356,0,0.0103,1.45
810.51584806638,3357,0,0.0105,1.45
809.9130039768,3376,0,0.0097,1.46
810.05391698116,3377,0,0.0099,1.46
810.19201188532,3378,0,0.0101,1.46
810.32739920628,3379,0,0.0103,1.46
810.46018308509,3380,0,0.0105,1.46
809.85695641586,3399,0,0.0097,1.47
809.99786942089,3400,0,0.0099,1.47
810.13596432566,3401,0,0.0101,1.47
810.27135164718,3402,0,0.0103,1.47
810.40413552649,3403,0,0.0105,1.47
809.80052627759,3422,0,0.0097,1.48
809.9414392833,3423,0,0.0099,1.48
810.07953418869,3424,0,0.0101,1.48
810.21492151076,3425,0,0.0103,1.48
810.34770539057,3426,0,0.0105,1.48
809.74371356198,3445,0,0.0097,1.49
809.88462656838,3446,0,0.0099,1.49
810.02272147439,3447,0,0.0101,1.49
810.15810879702,3448,0,0.0103,1.49
810.29089267734,3449,0,0.0105,1.49
809.68651826905,3468,0,0.0097,1.5
809.82743127613,3469,0,0.0099,1.5
809.96552618276,3470,0,0.0101,1.5
810.10091350596,3471,0,0.0103,1.5
810.23369738678,3472,0,0.0105,1.5
809.62894039877,3491,0,0.0097,1.51
809.76985340654,3492,0,0.0099,1.51
809.9079483138,3493,0,0.0101,1.51
810.04333563757,3494,0,0.0103,1.51
810.1761195189,3495,0,0.0105,1.51
809.57097995116,3514,0,0.0097,1.52
809.71189295962,3515,0,0.0099,1.52
809.84998786751,3516,0,0.0101,1.52
809.98537519185,3517,0,0.0103,1.52
810.11815907369,3518,0,0.0105,1.52
809.5126369262,3537,0,0.0097,1.53
809.65354993536,3538,0,0.0099,1.53
809.79164484389,3539,0,0.0101,1.53
809.9270321688,3540,0,0.0103,1.53
810.05981605115,3541,0,0.0105,1.53
809.4539113239,3560,0,0.0097,1.54
809.59482433376,3561,0,0.0099,1.54
809.73291924293,3562,0,0.0101,1.54
809.86830656842,3563,0,0.0103,1.54
810.00109045129,3564,0,0.0105,1.54
809.39480314426,3583,0,0.0097,1.55
809.53571615482,3584,0,0.0099,1.55
809.67381106463,3585,0,0.0101,1.55
809.8091983907,3586,0,0.0103,1.55
809.94198227409,3587,0,0.0105,1.55
809.33531238726,3606,0,0.0097,1.56
809.47622539853,3607,0,0.0099,1.56
809.61432030898,3608,0,0.0101,1.56
809.74970763564,3609,0,0.0103,1.56
809.88249151955,3610,0,0.0105,1.56
809.27543905291,3629,0,0.0097,1.57
809.4163520649,3630,0,0.0099,1.57
809.554446976,3631,0,0.0101,1.57
809.68983430324,3632,0,0.0103,1.57
809.82261818767,3633,0,0.0105,1.57
809.21518314121,3652,0,0.0097,1.58
809.35609615391,3653,0,0.0099,1.58
809.49419106566,3654,0,0.0101,1.58
809.62957839349,3655,0,0.0103,1.58
809.76236227845,3656,0,0.0105,1.58
809.15454465215,3675,0,0.0097,1.59
809.29545766557,3676,0,0.0099,1.59
809.43355257798,3677,0,0.0101,1.59
809.5689399064,3678,0,0.0103,1.59
809.70172379189,3679,0,0.0105,1.59
809.09352358573,3698,0,0.0097,1.6
809.23443659988,3699,0,0.0099,1.6
809.37253151294,3700,0,0.0101,1.6
809.50791884196,3701,0,0.0103,1.6
809.64070272798,3702,0,0.0105,1.6
809.03211994194,3721,0,0.0097,1.61
809.17303295682,3722,0,0.0099,1.61
809.31112787055,3723,0,0.0101,1.61
809.44651520016,3724,0,0.0103,1.61
809.57929908672,3725,0,0.0105,1.61
808.9703337208,3744,0,0.0097,1.62
809.1112467364,3745,0,0.0099,1.62
809.2493416508,3746,0,0.0101,1.62
809.38472898101,3747,0,0.0103,1.62
809.5175128681,3748,0,0.0105,1.62
808.90816492228,3767,0,0.0097,1.63
809.04907793863,3768,0,0.0099,1.63
809.18717285369,3769,0,0.0101,1.63
809.32256018452,3770,0,0.0103,1.63
809.45534407217,3771,0,0.0105,1.63
808.84561354641,3790,0,0.0097,1.64
808.98652656347,3791,0,0.0099,1.64
809.12462147918,3792,0,0.0101,1.64
809.26000881058,3793,0,0.0103,1.64
809.39279269872,3794,0,0.0105,1.64
808.78267959311,3813,0,0.0097,1.65
808.923592611,3814,0,0.0099,1.65
809.06168752749,3815,0,0.0101,1.65
809.19707485964,3816,0,0.0103,1.65
809.32985874852,3817,0,0.0105,1.65
808.71936306257,3836,0,0.0097,1.66
808.8602760809,3837,0,0.0099,1.66
808.99837099766,3838,0,0.0101,1.66
809.13375832987,3839,0,0.0103,1.66
809.26654221858,3840,0,0.0105,1.66
808.6556639544,3859,0,0.0097,1.67
808.79657697467,3860,0,0.0099,1.67
808.93467189369,3861,0,0.0101,1.67
809.0700592286,3862,0,0.0103,1.67
809.20284312056,3863,0,0.0105,1.67
808.59158226869,3882,0,0.0097,1.68
808.73249528508,3883,0,0.0099,1.68
808.87059019873,3884,0,0.0101,1.68
809.00597752637,3885,0,0.0103,1.68
809.13876140874,3886,0,0.0105,1.68
808.52711801136,3905,0,0.0097,1.69
808.66803104662,3906,0,0.0099,1.69
808.80612598431,3907,0,0.0101,1.69
808.94151334252,3908,0,0.0103,1.69
809.07429726349,3909,0,0.0105,1.69
808.46227113042,3928,0,0.0097,1.7
808.60318409537,3929,0,0.0099,1.7
808.74127894358,3930,0,0.0101,1.7
808.87666618851,3931,0,0.0103,1.7
809.00944996724,3932,0,0.0105,1.7
808.39704196326,3951,0,0.0097,1.71
808.53795520896,3952,0,0.0099,1.71
808.6760504068,3953,0,0.0101,1.71
808.81143808618,3954,0,0.0103,1.71
808.94422240175,3955,0,0.0105,1.71
808.33142856257,3974,0,0.0097,1.72
808.4723407012,3975,0,0.0099,1.72
808.61043454532,3976,0,0.0101,1.72
808.74582057016,3977,0,0.0103,1.72
808.8786028712,3978,0,0.0105,1.72
808.26544149592,3997,0,0.0097,1.73
808.40635804195,3998,0,0.0099,1.73
808.54445716354,3999,0,0.0101,1.73
808.67984951773,4000,0,0.0103,1.73
808.81263939637,4001,0,0.0105,1.73
808.19902550898,4020,0,0.0097,1.74
808.33992441861,4021,0,0.0099,1.74
808.47800289115,4022,0,0.0101,1.74
808.61337098357,4023,0,0.0103,1.74
808.74613234768,4024,0,0.0105,1.74
808.13246257112,4043,0,0.0097,1.75
808.27343258008,4044,0,0.0099,1.75
808.41159229202,4045,0,0.0101,1.75
808.5470536994,4046,0,0.0103,1.75
808.6799224908,4047,0,0.0105,1.75
808.0643376158,4066,0,0.0097,1.76
808.20501867074,4067,0,0.0099,1.76
808.34285677902,4068,0,0.0101,1.76
808.47795789145,4069,0,0.0103,1.76
808.61042143119,4070,0,0.0105,1.76
808.00166811569,4089,0,0.0097,1.77
808.14353427235,4090,0,0.0099,1.77
808.28265481772,4091,0,0.0101,1.77
808.41915363906,4092,0,0.0103,1.77
808.55314846475,4093,0,0.0105,1.77
807.90995476363,4112,0,0.0097,1.78
808.04691158706,4113,0,0.0099,1.78
808.1808754681,4114,0,0.0101,1.78
808.31192143899,4115,0,0.0103,1.78
808.44011823843,4116,0,0.0105,1.78
807.95771154216,4135,0,0.0097,1.79
808.1152252947,4136,0,0.0099,1.79
808.27011998326,4137,0,0.0101,1.79
808.42258162233,4138,0,0.0103,1.79
808.57278809756,4139,0,0.0105,1.79
807.32581230807,4158,0,0.0097,1.8
807.39626881422,4159,0,0.0099,1.8
807.46531627218,4160,0,0.0101,1.8
807.53300994045,4161,0,0.0103,1.8
807.59940188951,4162,0,0.0105,1.8
806.69372175423,4181,0,0.0097,1.81
806.67712100888,4182,0,0.0099,1.81
806.66032123115,4183,0,0.0101,1.81
806.6432469235,4184,0,0.0103,1.81
806.62582434123,4185,0,0.0105,1.81
806.74090466695,4204,0,0.0097,1.82
806.74486085096,4205,0,0.0099,1.82
806.74899188104,4206,0,0.0101,1.82
806.75333324192,4207,0,0.0103,1.82
806.75792033585,4208,0,0.0105,1.82
806.64823486725,4227,0,0.0097,1.83
806.64728171728,4228,0,0.0099,1.83
806.6462560823,4229,0,0.0101,1.83
806.64514459199,4230,0,0.0103,1.83
806.64393365892,4231,0,0.0105,1.83
806.58422634273,4250,0,0.0097,1.84
806.58445829394,4251,0,0.0099,1.84
806.58471509552,4252,0,0.0101,1.84
806.58500131359,4253,0,0.0103,1.84
806.58532166598,4254,0,0.0105,1.84
806.51437978568,4273,0,0.0097,1.85
806.5143227823,4274,0,0.0099,1.85
806.51425797965,4275,0,0.0101,1.85
806.51418390222,4276,0,0.0103,1.85
806.51409900238,4277,0,0.0105,1.85
806.4457126688,4296,0,0.0097,1.86
806.44572676417,4297,0,0.0099,1.86
806.44574320036,4298,0,0.0101,1.86
806.44576243734,4299,0,0.0103,1.86
806.44578496426,4300,0,0.0105,1.86
806.37680992555,4319,0,0.0097,1.87
806.37680638395,4320,0,0.0099,1.87
806.37680217054,4321,0,0.0101,1.87
806.3767971452,4322,0,0.0103,1.87
806.37679115705,4323,0,0.0105,1.87
806.30795352529,4342,0,0.0097,1.88
806.30795439055,4343,0,0.0099,1.88
806.30795545405,4344,0,0.0101,1.88
806.30795675751,4345,0,0.0103,1.88
806.30795834642,4346,0,0.0105,1.88
806.23908821372,4365,0,0.0097,1.89
806.23908797134,4366,0,0.0099,1.89
806.23908768057,4367,0,0.0101,1.89
806.23908732896,4368,0,0.0103,1.89
806.23908690281,4369,0,0.0105,1.89
806.17022455839,4388,0,0.0097,1.9
806.17022459621,4389,0,0.0099,1.9
806.17022465453,4390,0,0.0101,1.9
806.17022473681,4391,0,0.0103,1.9
806.17022484697,4392,0,0.0105,1.9
806.101360612,4411,0,0.0097,1.91
806.10136057895,4412,0,0.0099,1.91
806.10136054725,4413,0,0.0101,1.91
806.10136051573,4414,0,0.0103,1.91
806.10136048312,4415,0,0.0105,1.91
806.03249671194,4434,0,0.0097,1.92
806.03249669721,4435,0,0.0099,1.92
806.032496689,4436,0,0.0101,1.92
806.0324966875,4437,0,0.0103,1.92
806.03249669294,4438,0,0.0105,1.92
805.96363280619,4457,0,0.0097,1.93
805.96363278707,4458,0,0.0099,1.93
805.963632773,4459,0,0.0101,1.93
805.96363276377,4460,0,0.0103,1.93
805.96363275919,4461,0,0.0105,1.93
805.89476890081,4480,0,0.0097,1.94
805.89476888296,4481,0,0.0099,1.94
805.89476887043,4482,0,0.0101,1.94
805.89476886311,4483,0,0.0103,1.94
805.89476886092,4484,0,0.0105,1.94
805.82590499546,4503,0,0.0097,1.95
805.82590497803,4504,0,0.0099,1.95
805.82590496594,4505,0,0.0101,1.95
805.82590495912,4506,0,0.0103,1.95
805.82590495751,4507,0,0.0105,1.95
805.75704109099,4526,0,0.0097,1.96
805.75704107184,4527,0,0.0099,1.96
805.7570410573,4528,0,0.0101,1.96
805.75704104708,4529,0,0.0103,1.96
805.75704104091,4530,0,0.0105,1.96
805.68817718465,4549,0,0.0097,1.97
805.6881771735,4550,0,0.0099,1.97
805.68817716948,4551,0,0.0101,1.97
805.68817717308,4552,0,0.0103,1.97
805.68817718485,4553,0,0.0105,1.97
805.61931327926,4572,0,0.0097,1.98
805.61931323789,4573,0,0.0099,1.98
805.61931319401,4574,0,0.0101,1.98
805.61931314548,4575,0,0.0103,1.98
805.61931308991,4576,0,0.0105,1.98
805.5504494028,4595,0,0.0097,1.99
805.55044948061,4596,0,0.0099,1.99
805.55044959097,4597,0,0.0101,1.99
805.55044974087,4598,0,0.0103,1.99
805.55044993817,4599,0,0.0105,1.99
805.48158526462,4618,0,0.0097,2
805.48158487616,4619,0,0.0099,2
805.48158439218,4620,0,0.0101,2
805.48158378806,4621,0,0.0103,2
805.48158303635,4622,0,0.0105,2
805.41272284458,4641,0,0.0097,2.01
805.41272429198,4642,0,0.0099,2.01
805.41272610711,4643,0,0.0101,2.01
805.41272837413,4644,0,0.0103,2.01
805.4127311861,4645,0,0.0105,2.01
805.34385045667,4664,0,0.0097,2.02
805.34384464977,4665,0,0.0099,2.02
805.34383754887,4666,0,0.0101,2.02
805.34382886703,4667,0,0.0103,2.02
805.34381829044,4668,0,0.0105,2.02
805.27503232374,4687,0,0.0097,2.03
805.27505533296,4688,0,0.0099,2.03
805.27508293466,4689,0,0.0101,2.03
805.27511609278,4690,0,0.0103,2.03
805.27515584964,4691,0,0.0105,2.03
805.2059299768,4710,0,0.0097,2.04
805.2058378406,4711,0,0.0099,2.04
805.20572980205,4712,0,0.0101,2.04
805.20560267436,4713,0,0.0103,2.04
805.20545305357,4714,0,0.0105,2.04
805.13827984216,4733,0,0.0097,2.05
805.1386510103,4734,0,0.0099,2.05
805.13907584323,4735,0,0.0101,2.05
805.13956464189,4736,0,0.0103,2.05
805.14012826439,4737,0,0.0105,2.05
805.06333530164,4756,0,0.0097,2.06
805.0618275187,4757,0,0.0099,2.06
805.06014634366,4758,0,0.0101,2.06
805.05825951714,4759,0,0.0103,2.06
805.05613352032,4760,0,0.0105,2.06
805.02458768825,4779,0,0.0097,2.07
805.03076799729,4780,0,0.0099,2.07
805.03746864836,4781,0,0.0101,2.07
805.0447859067,4782,0,0.0103,2.07
805.05281824512,4783,0,0.0105,2.07
804.8078047465,4802,0,0.0097,2.08
804.78221840199,4803,0,0.0099,2.08
804.75528965893,4804,0,0.0101,2.08
804.72675384583,4805,0,0.0103,2.08
804.69634476804,4806,0,0.0105,2.08
805.46095332088,4825,0,0.0097,2.09
805.56802025149,4826,0,0.0099,2.09
805.67725733733,4827,0,0.0101,2.09
805.78927929308,4828,0,0.0103,2.09
805.90469335244,4829,0,0.0105,2.09
801.88433972519,4848,0,0.0097,2.1
801.43123152782,4849,0,0.0099,2.1
800.9834954103,4850,0,0.0101,2.1
800.54031854613,4851,0,0.0103,2.1
800.1009101048,4852,0,0.0105,2.1
801.7550816276,4871,0,0.0097,2.11
801.31030149423,4872,0,0.0099,2.11
800.87531909882,4873,0,0.0101,2.11
800.44991527425,4874,0,0.0103,2.11
800.03389476692,4875,0,0.0105,2.11
801.75598261918,4894,0,0.0097,2.12
801.31726162996,4895,0,0.0099,2.12
800.88709502882,4896,0,0.0101,2.12
800.46510250935,4897,0,0.0103,2.12
800.05092154891,4898,0,0.0105,2.12
801.72488110502,4917,0,0.0097,2.13
801.29231112727,4918,0,0.0099,2.13
800.86844580862,4919,0,0.0101,2.13
800.45295595553,4920,0,0.0103,2.13
800.0455327625,4921,0,0.0105,2.13
801.70234138099,4940,0,0.0097,2.14
801.27584905077,4941,0,0.0099,2.14
800.85787353448,4942,0,0.0101,2.14
800.44807762244,4943,0,0.0103,2.14
800.04614311709,4944,0,0.0105,2.14
801.67820432906,4963,0,0.0097,2.15
801.25764800234,4964,0,0.0099,2.15
800.84550577856,4965,0,0.0101,2.15
800.44144860151,4966,0,0.0103,2.15
800.04516653553,4967,0,0.0105,2.15
801.65500528626,4986,0,0.0097,2.16
801.24029171337,4987,0,0.0099,2.16
800.83387154606,4988,0,0.0101,2.16
800.43541936002,4989,0,0.0103,2.16
800.04462846565,4990,0,0.0105,2.16
801.63210199842,5009,0,0.0097,2.17
801.22311994324,5010,0,0.0099,2.17
800.82231758212,5011,0,0.0101,2.17
800.42937424167,5012,0,0.0103,2.17
800.04398776153,5013,0,0.0105,2.17
801.60964796467,5032,0,0.0097,2.18
801.20629457497,5033,0,0.0099,2.18
800.81100809063,5034,0,0.0101,2.18
800.42347218365,5035,0,0.0103,2.18
800.04338877305,5036,0,0.0105,2.18
801.58759752587,5055,0,0.0097,2.19
801.18976911847,5056,0,0.0099,2.19
800.79989716933,5057,0,0.0101,2.19
800.41766970148,5058,0,0.0103,2.19
800.04279273836,5059,0,0.0105,2.19
801.56595504524,5078,0,0.0097,2.2
801.17355006,5079,0,0.0099,2.2
800.78899305442,5080,0,0.0101,2.2
800.41197629979,5081,0,0.0103,2.2
800.04220982144,5082,0,0.0105,2.2
801.54471248214,5101,0,0.0097,2.21
801.15763053044,5102,0,0.0099,2.21
800.77829010203,5103,0,0.0101,2.21
800.40638764382,5104,0,0.0103,2.21
800.04163711625,5105,0,0.0105,2.21
801.52386503312,5124,0,0.0097,2.22
801.14200715125,5125,0,0.0099,2.22
800.76778631223,5126,0,0.0101,2.22
800.40090305942,5127,0,0.0103,2.22
800.04107521324,5128,0,0.0105,2.22
801.50340720988,5147,0,0.0097,2.23
801.12667575134,5148,0,0.0099,2.23
800.75747880886,5149,0,0.0101,2.23
800.39552094607,5150,0,0.0103,2.23
800.04052377174,5151,0,0.0105,2.23
801.48333382079,5170,0,0.0097,2.24
801.11163245528,5171,0,0.0099,2.24
800.74736500546,5172,0,0.0101,2.24
800.39023997957,5173,0,0.0103,2.24
800.03998270342,5174,0,0.0105,2.24
801.4636397231,5193,0,0.0097,2.25
801.09687340502,5194,0,0.0099,2.25
800.73744230315,5195,0,0.0101,2.25
800.38505879588,5196,0,0.0103,2.25
800.03945185584,5197,0,0.0105,2.25
801.44431988347,5216,0,0.0097,2.26
801.08239482953,5217,0,0.0099,2.26
800.72770816798,5218,0,0.0101,2.26
800.37997607376,5219,0,0.0103,2.26
800.03893109703,5220,0,0.0105,2.26
801.42536936111,5239,0,0.0097,2.27
801.06819302585,5240,0,0.0099,2.27
800.71816011003,5241,0,0.0101,2.27
800.37499051259,5242,0,0.0103,2.27
800.03842029281,5243,0,0.0105,2.27
801.40678331047,5262,0,0.0097,2.28
801.05426436272,5263,0,0.0099,2.28
800.70879568806,5264,0,0.0101,2.28
800.37010083779,5265,0,0.0103,2.28
800.03791931284,5266,0,0.0105,2.28
801.388556979,5285,0,0.0097,2.29
801.04060527849,5286,0,0.0099,2.29
800.6996125075,5287,0,0.0101,2.29
800.365305799,5288,0,0.0103,2.29
800.03742802896,5289,0,0.0105,2.29
801.37068570617,5308,0,0.0097,2.3
801.02721228049,5309,0,0.0099,2.3
800.69060822018,5310,0,0.0101,2.3
800.36060417011,5311,0,0.0103,2.3
800.03694631555,5312,0,0.0105,2.3
801.35316492224,5331,0,0.0097,2.31
801.0140819441,5332,0,0.0099,2.31
800.68178052368,5333,0,0.0101,2.31
800.35599474891,5334,0,0.0103,2.31
800.03647404944,5335,0,0.0105,2.31
801.33599014709,5354,0,0.0097,2.32
801.00121091183,5355,0,0.0099,2.32
800.67312716074,5356,0,0.0101,2.32
800.35147635676,5357,0,0.0103,2.32
800.03601110986,5358,0,0.0105,2.32
801.31915698906,5377,0,0.0097,2.33
800.98859589252,5378,0,0.0099,2.33
800.66464591864,5379,0,0.0101,2.33
800.34704783828,5380,0,0.0103,2.33
800.03555737844,5381,0,0.0105,2.33
801.30266114386,5400,0,0.0097,2.34
800.97623366048,5401,0,0.0099,2.34
800.65633462873,5402,0,0.0101,2.34
800.34270806109,5403,0,0.0103,2.34
800.03511273916,5404,0,0.0105,2.34
801.28649839346,5423,0,0.0097,2.35
800.96412105463,5424,0,0.0099,2.35
800.64819116576,5425,0,0.0101,2.35
800.33845591548,5426,0,0.0103,2.35
800.03467707833,5427,0,0.0105,2.35
801.27066460498,5446,0,0.0097,2.36
800.95225497774,5447,0,0.0099,2.36
800.64021344743,5448,0,0.0101,2.36
800.33429031419,5449,0,0.0103,2.36
800.03425028454,5450,0,0.0105,2.36
801.25515572966,5469,0,0.0097,2.37
800.94063239562,5470,0,0.0099,2.37
800.63239943381,5471,0,0.0101,2.37
800.33021019204,5472,0,0.0103,2.37
800.03383224867,5473,0,0.0105,2.37
801.23996780185,5492,0,0.0097,2.38
800.92925033634,5493,0,0.0099,2.38
800.62474712683,5494,0,0.0101,2.38
800.32621450573,5495,0,0.0103,2.38
800.03342286381,5496,0,0.0105,2.38
801.22509693793,5515,0,0.0097,2.39
800.91810588946,5516,0,0.0099,2.39
800.61725456977,5517,0,0.0101,2.39
800.32230223356,5518,0,0.0103,2.39
800.03302202529,5519,0,0.0105,2.39
801.21053933537,5538,0,0.0097,2.4
800.90719620531,5539,0,0.0099,2.4
800.60991984676,5540,0,0.0101,2.4
800.31847237514,5541,0,0.0103,2.4
800.03262963061,5542,0,0.0105,2.4
801.19629127175,5561,0,0.0097,2.41
800.89651849425,5562,0,0.0099,2.41
800.60274108228,5563,0,0.0101,2.41
800.31472395117,5564,0,0.0103,2.41
800.03224557943,5565,0,0.0105,2.41
801.18234910379,5584,0,0.0097,2.42
800.88607002596,5585,0,0.0099,2.42
800.5957164407,5586,0,0.0101,2.42
800.31105600316,5587,0,0.0103,2.42
800.03186977356,5588,0,0.0105,2.42
801.16870926644,5607,0,0.0097,2.43
800.87584812872,5608,0,0.0099,2.43
800.5888441258,5609,0,0.0101,2.43
800.30746759321,5610,0,0.0103,2.43
800.0315021169,5611,0,0.0105,2.43
801.15536827193,5630,0,0.0097,2.44
800.86585018876,5631,0,0.0099,2.44
800.58212238031,5632,0,0.0101,2.44
800.30395780375,5633,0,0.0103,2.44
800.03114251543,5634,0,0.0105,2.44
801.14232270894,5653,0,0.0097,2.45
800.85607364958,5654,0,0.0099,2.45
800.57554948544,5655,0,0.0101,2.45
800.3005257373,5656,0,0.0103,2.45
800.03079087721,5657,0,0.0105,2.45
801.12956924166,5676,0,0.0097,2.46
800.84651601128,5677,0,0.0099,2.46
800.56912376049,5678,0,0.0101,2.46
800.29717051629,5679,0,0.0103,2.46
800.03044711231,5680,0,0.0105,2.46
801.117104609,5699,0,0.0097,2.47
800.83717482994,5700,0,0.0099,2.47
800.56284356239,5701,0,0.0101,2.47
800.29389128277,5702,0,0.0103,2.47
800.03011113285,5703,0,0.0105,2.47
801.10492562371,5722,0,0.0097,2.48
800.82804771699,5723,0,0.0099,2.48
800.55670728525,5724,0,0.0101,2.48
800.29068719822,5725,0,0.0103,2.48
800.0297828529,5726,0,0.0105,2.48
801.09302917157,5745,0,0.0097,2.49
800.8191323386,5746,0,0.0099,2.49
800.55071336003,5747,0,0.0101,2.49
800.28755744337,5748,0,0.0103,2.49
800.02946218852,5749,0,0.0105,2.49
801.08141221064,5768,0,0.0097,2.5
800.81042641507,5769,0,0.0099,2.5
800.54486025404,5770,0,0.0101,2.5
800.2845012179,5771,0,0.0103,2.5
800.02914905773,5772,0,0.0105,2.5
801.0700717704,5791,0,0.0097,2.51
800.80192772028,5792,0,0.0099,2.51
800.53914647063,5793,0,0.0101,2.51
800.28151774035,5794,0,0.0103,2.51
800.02884338044,5795,0,0.0105,2.51
801.05900495108,5814,0,0.0097,2.52
800.79363408107,5815,0,0.0099,2.52
800.53357054877,5816,0,0.0101,2.52
800.27860624782,5817,0,0.0103,2.52
800.02854507851,5818,0,0.0105,2.52
801.04820892286,5837,0,0.0097,2.53
800.78554337674,5838,0,0.0099,2.53
800.52813106267,5839,0,0.0101,2.53
800.27576599583,5840,0,0.0103,2.53
800.02825407564,5841,0,0.0105,2.53
801.03768092514,5860,0,0.0097,2.54
800.77765353847,5861,0,0.0099,2.54
800.52282662145,5862,0,0.0101,2.54
800.27299625813,5863,0,0.0103,2.54
800.02797029744,5864,0,0.0105,2.54
801.02741826588,5883,0,0.0097,2.55
800.7699625488,5884,0,0.0099,2.55
800.51765586873,5885,0,0.0101,2.55
800.27029632647,5886,0,0.0103,2.55
800.02769367134,5887,0,0.0105,2.55
801.0174183209,5906,0,0.0097,2.56
800.76246844111,5907,0,0.0099,2.56
800.51261748234,5908,0,0.0101,2.56
800.26766551049,5909,0,0.0103,2.56
800.0274241266,5910,0,0.0105,2.56
801.00767853317,5929,0,0.0097,2.57
800.75516929914,5930,0,0.0099,2.57
800.50771017395,5931,0,0.0101,2.57
800.26510313747,5932,0,0.0103,2.57
800.0271615943,5933,0,0.0105,2.57
800.9981964122,5952,0,0.0097,2.58
800.74806325647,5953,0,0.0099,2.58
800.50293268874,5954,0,0.0101,2.58
800.26260855221,5955,0,0.0103,2.58
800.02690600731,5956,0,0.0105,2.58
800.98896953337,5975,0,0.0097,2.59
800.74114849607,5976,0,0.0099,2.59
800.49828380509,5977,0,0.0101,2.59
800.26018111682,5978,0,0.0103,2.59
800.02665730027,5979,0,0.0105,2.59
800.97999553734,5998,0,0.0097,2.6
800.7344232498,5999,0,0.0099,2.6
800.49376233427,6000,0,0.0101,2.6
800.25782021062,6001,0,0.0103,2.6
800.0264154096,6002,0,0.0105,2.6
800.97127212943,6021,0,0.0097,2.61
800.72788579801,6022,0,0.0099,2.61
800.48936712012,6023,0,0.0101,2.61
800.2555252299,6024,0,0.0103,2.61
800.02618027343,6025,0,0.0105,2.61
800.96279707904,6044,0,0.0097,2.62
800.72153446904,6045,0,0.0099,2.62
800.48509703877,6046,0,0.0101,2.62
800.25329558783,6047,0,0.0103,2.62
800.02595183165,6048,0,0.0105,2.62
800.95456821907,6067,0,0.0097,2.63
800.71536763883,6068,0,0.0099,2.63
800.48095099835,6069,0,0.0101,2.63
800.25113071429,6070,0,0.0103,2.63
800.02573002584,6071,0,0.0105,2.63
800.94658344537,6090,0,0.0097,2.64
800.70938373051,6091,0,0.0099,2.64
800.4769279387,6092,0,0.0101,2.64
800.2490300557,6093,0,0.0103,2.64
800.02551479928,6094,0,0.0105,2.64
800.9388407162,6113,0,0.0097,2.65
800.70358121397,6114,0,0.0099,2.65
800.47302683112,6115,0,0.0101,2.65
800.24699307493,6116,0,0.0103,2.65
800.02530609694,6117,0,0.0105,2.65
800.93133805174,6136,0,0.0097,2.66
800.69795860548,6137,0,0.0099,2.66
800.46924667807,6138,0,0.0101,2.66
800.24501925112,6139,0,0.0103,2.66
800.02510386545,6140,0,0.0105,2.66
800.92407353351,6159,0,0.0097,2.67
800.69251446734,6160,0,0.0099,2.67
800.46558651295,6161,0,0.0101,2.67
800.24310807953,6162,0,0.0103,2.67
800.02490805311,6163,0,0.0105,2.67
800.91704530396,6182,0,0.0097,2.68
800.68724740745,6183,0,0.0099,2.68
800.46204539986,6184,0,0.0101,2.68
800.2412590715,6185,0,0.0103,2.68
800.02471860983,6186,0,0.0105,2.68
800.91025156595,6205,0,0.0097,2.69
800.68215607901,6206,0,0.0099,2.69
800.45862243331,6207,0,0.0101,2.69
800.23947175421,6208,0,0.0103,2.69
800.02453548719,6209,0,0.0105,2.69
800.90369058229,6228,0,0.0097,2.7
800.67723918015,6229,0,0.0099,2.7
800.45531673805,6230,0,0.0101,2.7
800.23774567065,6231,0,0.0103,2.7
800.02435863835,6232,0,0.0105,2.7
800.89736067532,6251,0,0.0097,2.71
800.67249545361,6252,0,0.0099,2.71
800.45212746879,6253,0,0.0101,2.71
800.23608037945,6254,0,0.0103,2.71
800.0241880181,6255,0,0.0105,2.71
800.89126022647,6274,0,0.0097,2.72
800.66792368639,6275,0,0.0099,2.72
800.44905381003,6276,0,0.0101,2.72
800.23447545478,6277,0,0.0103,2.72
800.02402358281,6278,0,0.0105,2.72
800.88538767582,6297,0,0.0097,2.73
800.66352270948,6298,0,0.0099,2.73
800.44609497583,6299,0,0.0101,2.73
800.23293048627,6300,0,0.0103,2.73
800.02386529042,6301,0,0.0105,2.73
800.87974152174,6320,0,0.0097,2.74
800.65929139753,6321,0,0.0099,2.74
800.44325020959,6322,0,0.0101,2.74
800.23144507886,6323,0,0.0103,2.74
800.02371310047,6324,0,0.0105,2.74
800.87432032051,6343,0,0.0097,2.75
800.65522866859,6344,0,0.0099,2.75
800.44051878391,6345,0,0.0101,2.75
800.23001885273,6346,0,0.0103,2.75
800.02356697404,6347,0,0.0105,2.75
800.86912268588,6366,0,0.0097,2.76
800.6513334838,6367,0,0.0099,2.76
800.43790000035,6368,0,0.0101,2.76
800.22865144319,6369,0,0.0103,2.76
800.02342687376,6370,0,0.0105,2.76
800.86414728883,6389,0,0.0097,2.77
800.64760484715,6390,0,0.0099,2.77
800.43539318928,6391,0,0.0101,2.77
800.22734250057,6392,0,0.0103,2.77
800.02329276381,6393,0,0.0105,2.77
800.85939285711,6412,0,0.0097,2.78
800.64404180522,6413,0,0.0099,2.78
800.43299770969,6414,0,0.0101,2.78
800.2260916902,6415,0,0.0103,2.78
800.0231646099,6416,0,0.0105,2.78
800.854858175,6435,0,0.0097,2.79
800.64064344692,6436,0,0.0099,2.79
800.43071294906,6437,0,0.0101,2.79
800.22489869222,6438,0,0.0103,2.79
800.02304237926,6439,0,0.0105,2.79
800.85054208298,6458,0,0.0097,2.8
800.63740890328,6459,0,0.0099,2.8
800.42853832317,6460,0,0.0101,2.8
800.22376320158,6461,0,0.0103,2.8
800.02292604063,6462,0,0.0105,2.8
800.84644347739,6481,0,0.0097,2.81
800.63433734722,6482,0,0.0099,2.81
800.42647327595,6483,0,0.0101,2.81
800.22268492794,6484,0,0.0103,2.81
800.02281556426,6485,0,0.0105,2.81
800.84256131023,6504,0,0.0097,2.82
800.63142799333,6505,0,0.0099,2.82
800.42451727936,6506,0,0.0101,2.82
800.22166359558,6507,0,0.0103,2.82
800.02271092191,6508,0,0.0105,2.82
800.83889458879,6527,0,0.0097,2.83
800.62868009768,6528,0,0.0099,2.83
800.42266983326,6529,0,0.0101,2.83
800.22069894334,6530,0,0.0103,2.83
800.02261208682,6531,0,0.0105,2.83
800.83544237549,6550,0,0.0097,2.84
800.62609295763,6551,0,0.0099,2.84
800.42093046524,6552,0,0.0101,2.84
800.21979072455,6553,0,0.0103,2.84
800.02251903371,6554,0,0.0105,2.84
800.83220378759,6573,0,0.0097,2.85
800.62366591162,6574,0,0.0099,2.85
800.41929873055,6575,0,0.0101,2.85
800.21893870698,6576,0,0.0103,2.85
800.0224317388,6577,0,0.0105,2.85
800.82917799697,6596,0,0.0097,2.86
800.62139833907,6597,0,0.0099,2.86
800.41777421193,6598,0,0.0101,2.86
800.21814267277,6599,0,0.0103,2.86
800.02235017976,6600,0,0.0105,2.86
800.82636422992,6619,0,0.0097,2.87
800.61928966014,6620,0,0.0099,2.87
800.41635651957,6621,0,0.0101,2.87
800.21740241837,6622,0,0.0103,2.87
800.02227433573,6623,0,0.0105,2.87
800.82376176695,6642,0,0.0097,2.88
800.61733933564,6643,0,0.0099,2.88
800.41504529096,6644,0,0.0101,2.88
800.21671775448,6645,0,0.0103,2.88
800.02220418732,6646,0,0.0105,2.88
800.82136994262,6665,0,0.0097,2.89
800.61554686686,6666,0,0.0099,2.89
800.41384019081,6667,0,0.0101,2.89
800.21608850605,6668,0,0.0103,2.89
800.0221397166,6669,0,0.0105,2.89
800.81918814531,6688,0,0.0097,2.9
800.61391179547,6689,0,0.0099,2.9
800.41274091097,6690,0,0.0101,2.9
800.21551451217,6691,0,0.0103,2.9
800.02208090708,6692,0,0.0105,2.9
800.81721581713,6711,0,0.0097,2.91
800.61243370336,6712,0,0.0099,2.91
800.41174717036,6713,0,0.0101,2.91
800.21499562607,6714,0,0.0103,2.91
800.02202774372,6715,0,0.0105,2.91
800.81545245376,6734,0,0.0097,2.92
800.61111221259,6735,0,0.0099,2.92
800.41085871487,6736,0,0.0101,2.92
800.21453171506,6737,0,0.0103,2.92
800.02198021292,6738,0,0.0105,2.92
800.8138976043,6757,0,0.0097,2.93
800.60994698525,6758,0,0.0099,2.93
800.41007531733,6759,0,0.0101,2.93
800.21412266053,6760,0,0.0103,2.93
800.02193830254,6761,0,0.0105,2.93
800.81255087116,6780,0,0.0097,2.94
800.60893772338,6781,0,0.0099,2.94
800.4093967774,6782,0,0.0101,2.94
800.21376835787,6783,0,0.0103,2.94
800.02190200186,6784,0,0.0105,2.94
800.81141190999,6803,0,0.0097,2.95
800.60808416891,6804,0,0.0099,2.95
800.4088229216,6805,0,0.0101,2.95
800.2134687165,6806,0,0.0103,2.95
800.02187130159,6807,0,0.0105,2.95
800.81048042954,6826,0,0.0097,2.96
800.60738610359,6827,0,0.0099,2.96
800.40835360317,6828,0,0.0101,2.96
800.21322365979,6829,0,0.0103,2.96
800.02184619389,6830,0,0.0105,2.96
800.80975619163,6849,0,0.0097,2.97
800.60684334892,6850,0,0.0099,2.97
800.40798870213,6851,0,0.0101,2.97
800.21303312507,6852,0,0.0103,2.97
800.02182667233,6853,0,0.0105,2.97
800.80923901108,6872,0,0.0097,2.98
800.60645576612,6873,0,0.0099,2.98
800.40772812515,6874,0,0.0101,2.98
800.21289706364,6875,0,0.0103,2.98
800.02181273192,6876,0,0.0105,2.98
800.80892875564,6895,0,0.0097,2.99
800.60622325607,6896,0,0.0099,2.99
800.40757180561,6897,0,0.0101,2.99
800.21281544069,6898,0,0.0103,2.99
800.02180436911,6899,0,0.0105,2.99
800.80882534597,6918,0,0.0097,3
800.60614575932,6919,0,0.0099,3
800.40751970353,6920,0,0.0101,3
800.21278823536,6921,0,0.0103,3
800.02180158174,6922,0,0.0105,3
