time,TTC-31,mass_flow_PP,mass_flux_PP,post_func,report_pressure_outlet
-1,616.4,0,2840.8492348318,379800,200000
-0.9,708.04463420806,2.427,2840.8492348318,379800,200000
-0.8,749.61894094445,2.427,2840.8492348318,379800,200000
-0.7,763.6279080001,2.427,2840.8492348318,379800,200000
-0.6,767.41587263946,2.427,2840.8492348318,379800,200000
-0.5,768.28496122478,2.427,2840.8492348318,379800,200000
-0.4,768.45598965615,2.427,2840.8492348318,379800,200000
-0.3,768.47841809235,2.427,2840.8492348318,379800,200000
-0.2,768.47260653886,2.427,2840.8492348318,379800,200000
-0.1,768.46242287983,2.427,2840.8492348318,379800,200000
-1.3877787807814e-16,768.45550209244,2.427,2840.8492348318,379800,200000
0.1,768.28126630975,2.420825525752,2833.6218963716,379128.14648221,200000
0.238,768.20365659503,2.4123047512897,2823.6481692965,378200.98862767,200000
0.42844,768.198683393,2.4005460825318,2809.8844259329,376921.5107884,200000
0.6912472,768.22542650833,2.3843191196459,2790.890460091,375155.83137019,200000
1.053921136,768.26538826785,2.3619259108633,2764.6787872293,372719.19377311,200000
1.55441116768,768.32245324666,2.3310232827434,2728.5066786801,369356.63388909,200000
2.2450874113984,768.4086857734,2.2883776559379,2678.5891688823,364716.30124916,200000
3.1982206277298,768.53607353758,2.2295266909462,2609.7030053612,358312.64220606,200000
4.5135444662671,767.7943112676,2.1483123592578,2514.6400997022,347292.98691818,200000
5,770.27587381098,2.1182762875994,2479.4823118208,340782.74179644,200000
5.9729110674658,766.96294867044,2.0582041442827,2409.1667360582,327762.25155295,200000
7.9187332023973,759.4998862505,1.9380598576492,2268.5355845328,302690.60213724,200000
9.9187332023973,758.67833144475,1.814570372689,2123.9888153284,283859.66374,200000
11.918733202397,758.56605200002,1.6910808877287,1979.442046124,265622.16521221,200000
13.918733202397,758.99517181363,1.5675914027685,1834.8952769196,248361.29297102,200000
15.918733202397,760.12321574698,1.4441019178083,1690.3485077152,232153.08183992,200000
17.918733202397,763.15898234782,1.320612432848,1545.8017385108,218586.43143612,200000
19.918733202397,767.27633473397,1.1971229478878,1401.2549693064,205660.2567392,200000
21.918733202397,774.2113667406,1.0736334629276,1256.708200102,195430.72536898,200000
23.918733202397,782.8366462931,0.95014397796732,1112.1614308976,185201.19399877,200000
25.918733202397,794.44409402389,0.82665449300708,967.61466169323,175825.68162359,200000
27.918733202397,809.54626112238,0.70316500804685,823.06789248883,166734.7446674,200000
29.918733202397,829.61325185581,0.57967552308661,678.52112328444,157643.80771122,200000
31.918733202397,860.51380082219,0.45618603812637,533.97435408005,150769.67365819,200000
33.918733202397,906.30214547628,0.3836365212118,449.05377739517,143989.43096673,200000
35.918733202397,942.23467186735,0.36213110961633,423.88128787076,137406.25679416,200000
37.918733202397,950.4161757612,0.34256131457857,400.97447400227,131794.3888789,200000
39.918733202397,953.43621144222,0.32379220076471,379.00487259454,126182.52096362,200000
41.918733202397,955.27364223915,0.30515430072876,357.18885938646,120570.65304835,200000
43.918733202397,957.09434440855,0.28864432482518,337.86362147432,114958.78513308,200000
45.918733202397,958.13025275186,0.2737582098614,320.43914339254,109714.34420608,200000
47.918733202397,960.14561494583,0.25887209489761,303.01466531075,105391.92907926,200000
49.918733202397,962.61678094496,0.24706666159017,289.19618316065,101069.51395243,200000
51.918733202397,962.29377841253,0.23562976838629,275.8090841466,96747.098825608,200000
53.918733202397,961.3660130735,0.22419287518241,262.42198513255,92535.459484322,200000
55.918733202397,963.3808746803,0.21275598197852,249.03488611849,89333.106247287,200000
57.918733202397,966.30001480469,0.20131908877464,235.64778710444,86130.753010257,200000
59.918733202397,969.65871307715,0.19444748002903,227.60443957786,82928.399773226,200000
61.918733202397,968.9083563744,0.18793480473238,219.98123041708,79953.606417835,200000
63.918733202397,966.95154571339,0.18142212943572,212.3580212563,77123.978695614,200000
65.918733202397,964.70743659396,0.17490945413907,204.73481209552,74294.350973392,200000
67.918733202397,962.34260847193,0.16839677884241,197.11160293474,71464.723251175,200000
69.918733202397,961.28638543108,0.16188410354575,189.48839377396,69028.751964051,200000
71.918733202397,962.6133617737,0.15809025389371,185.04762126424,67126.503065651,200000
73.918733202397,961.36840894964,0.15491333911485,181.32898264923,65224.254167257,200000
75.918733202397,958.10134620199,0.15236415270443,178.34511191849,63322.005268857,200000
77.918733202397,954.10728066376,0.15038740573092,176.03129233581,61640.39385842,200000
79.918733202397,951.84603892089,0.14841065875741,173.71747275314,60663.496622935,200000
81.918733202397,950.11745930248,0.14676397064112,171.78999328253,59686.599387449,200000
83.918733202397,948.04043416984,0.14867011950843,174.02117645154,58709.702151964,200000
85.918733202397,940.9408294132,0.14916066135048,174.59536492152,57732.804916483,200000
87.918733202397,934.20322657537,0.14852527839471,173.85163719851,56755.907680997,200000
89.918733202397,929.2400057652,0.1479620484339,173.19236591578,55779.010445512,200000
91.918733202397,924.74823031761,0.14759897245917,172.76737864549,54802.113210026,200000
93.918733202397,920.09100078692,0.14723589648445,172.3423913752,53825.215974542,200000
95.918733202397,915.35062893195,0.1468996402761,171.94879714686,52848.318739056,200000
97.918733202397,910.54003509676,0.14658194879822,171.57693328536,51871.421503571,200000
99.918733202397,905.67452135314,0.14626425732033,171.20506942386,50894.524268085,200000
100.0187332024,905.48252230884,0.14624837274644,171.18647623079,50845.679406311,200000
100.2187332024,905.10614506802,0.14621660359865,171.14928984464,50747.989682762,200000
100.6187332024,904.33770255253,0.14615306530307,171.07491707233,50552.610235665,200000
101.4187332024,902.4552520762,0.14602598871192,170.92617152773,50161.851341471,200000
103.0187332024,898.33237736722,0.14577183552961,170.62868043853,49380.333553082,200000
106.2187332024,892.29021155551,0.14529180138008,170.06679142066,48337.251366302,200000
110,886.23407067724,0.14473736619368,169.4178145871,47153.859466319,200000
117.56253359521,874.73080700259,0.14364872772682,168.14354274714,44974.734634692,200000
132.68760078562,855.80975933683,0.14575454423277,170.60844064974,41401.452896518,200000
152.68760078562,830.52465842991,0.14328754096072,167.72076683115,37471.657613994,200000
172.68760078562,814.53259669487,0.14050389623331,164.46245822221,34159.617438779,200000
192.68760078562,802.98405702344,0.13745486076557,160.89350475064,31601.508035367,200000
212.68760078562,794.24057893627,0.13454915342454,157.49231955227,29525.780941925,200000
232.68760078562,786.67060878563,0.13201410952027,154.52500289149,27719.246229594,200000
252.68760078562,780.24303684113,0.12979318601211,151.92537007371,26214.13381868,200000
272.68760078562,774.76374214106,0.12811481594026,149.96080627709,24948.43922356,200000
292.68760078562,769.69459087913,0.12651264190304,148.08543137487,23861.186746647,200000
312.68760078562,765.36109889376,0.12532129886097,146.69094189424,22923.244232345,200000
332.68760078562,761.66838929714,0.1241299558189,145.29645241361,22163.173022189,200000
352.68760078562,758.33557100237,0.12327693472126,144.29797514434,21465.247852529,200000
372.68760078562,754.79716763747,0.12256101026405,143.45997207616,20794.018677884,200000
392.68760078562,751.77159767918,0.12184508580684,142.62196900799,20231.786215525,200000
412.68760078562,749.61588699048,0.12117623364204,141.83906494512,19805.830484774,200000
432.68760078562,747.58312230712,0.1206492328057,141.22220053527,19403.858185956,200000
452.68760078562,745.40482513484,0.1202393083181,140.74237619785,19002.359633917,200000
472.68760078562,743.73102032624,0.11987758603784,140.31897345245,18698.906220427,200000
492.68760078562,742.45986118917,0.11973638982545,140.15370062512,18461.960402388,200000
512.68760078562,740.93073214915,0.11959519361306,139.98842779778,18214.788494238,200000
532.68760078562,739.70347146276,0.11945399740066,139.82315497045,18015.997494118,200000
552.68760078562,739.10489256073,0.11927686813726,139.61582182978,17911.51443974,200000
572.68760078562,737.76616891225,0.1190872015833,139.39381355426,17685.284174938,200000
592.68760078562,736.94429917213,0.11893203883495,139.2121926334,17542.0664316,200000
612.68760078562,737.0537857101,0.11893203883495,139.2121926334,17542.0664316,200000
632.68760078562,737.8811087492,0.12918338388644,151.21158519439,17666.406901579,200000
652.68760078562,733.22585031308,0.13980582524272,163.64535297314,18244.173184093,200000
672.68760078562,727.0942960269,0.14008856515148,163.97630536435,18547.627111083,200000
692.68760078562,728.26456732373,0.14011216079586,164.00392451074,18836.8631208,200000
712.68760078562,729.05119282749,0.13980582524272,163.64535297314,18961.517418261,200000
732.68760078562,729.82397423275,0.13980582524272,163.64535297314,19046.586399343,200000
752.68760078562,730.63603364643,0.13980582524272,163.64535297314,19178.582657287,200000
772.68760078562,731.06444786511,0.13980582524272,163.64535297314,19243.6274016,200000
792.68760078562,731.48358079958,0.14017313859452,164.07530017314,19311.157090527,200000
812.68760078562,731.88024795298,0.14102227461042,165.06922988103,19421.784389119,200000
832.68760078562,731.85403526877,0.14126213592233,165.34999206661,19519.6713588,200000
852.68760078562,731.70044217654,0.14126213592233,165.34999206661,19519.6713588,200000
872.68760078562,731.7080335158,0.14126213592233,165.34999206661,19519.6713588,200000
892.68760078562,731.71634056494,0.14126213592233,165.34999206661,19519.6713588,200000
900,731.71975201695,0.14126213592233,165.34999206661,19519.6713588,200000
